TEAM_ID,MISSION_TIME,PACKET_COUNT,MODE,STATE,ALTITUDE,HS_DEPLOYED,PC_DEPLOYED,MAST_RAISED,TEMPERATURE,PRESSURE,VOLTAGE,GPS_TIME,GPS_ALTITUDE,GPS_LATITUDE,GPS_LONGITUDE,GPS_SATS,TILT_X,TILT_Y,CMD_ECHO
1008.0,0:0:49,1.0,F,SOff,-0.33,N,N,N,26.96,952.99,7.76,0:0:29,0.0,0.0,-0.0,0.0,0.43,0.83,ST
1008.0,0:0:50,2.0,F,SOff,-0.4,N,N,N,26.97,953.0,7.78,0:0:30,0.0,0.0,-0.0,0.0,1.08,0.32,ST
1008.0,0:0:51,3.0,F,SOff,-0.4,N,N,N,26.99,952.99,7.76,0:0:31,0.0,0.0,-0.0,0.0,5.66,1.43,ST
1008.0,0:0:52,4.0,F,SOff,-0.36,N,N,N,27.0,952.99,7.76,0:0:32,0.0,0.0,-0.0,0.0,6.65,3.74,ST
1008.0,0:0:53,5.0,F,SOff,-0.4,N,N,N,27.02,952.99,7.78,0:0:33,0.0,0.0,-0.0,0.0,5.67,2.95,ST
1008.0,0:0:54,6.0,F,SOff,-0.39,N,N,N,27.03,952.99,7.67,0:0:34,0.0,0.0,-0.0,0.0,10.75,-13.83,ST
1008.0,0:0:55,7.0,F,SOff,-0.39,N,N,N,27.04,952.99,7.76,0:0:35,0.0,0.0,-0.0,0.0,1.64,-1.04,ST
1008.0,0:0:56,8.0,F,SOff,-0.4,N,N,N,27.05,952.99,7.71,0:0:36,0.0,0.0,-0.0,0.0,10.88,-5.69,ST
1008.0,0:0:57,9.0,F,SOff,-0.29,N,N,N,27.06,952.98,7.69,0:0:37,0.0,0.0,-0.0,0.0,20.69,-53.3,ST
1008.0,0:0:58,10.0,F,SOff,-0.21,N,N,N,27.07,952.97,7.76,0:0:38,0.0,0.0,-0.0,0.0,28.33,-61.47,ST
1008.0,0:0:59,11.0,F,SOff,-0.13,N,N,N,27.08,952.96,7.78,0:0:39,0.0,0.0,-0.0,0.0,-9.71,-40.32,ST
1008.0,0:1:0,12.0,F,SOff,-0.05,N,N,N,27.09,952.96,7.73,0:0:40,0.0,0.0,-0.0,0.0,-7.48,-8.08,ST
1008.0,0:1:1,13.0,F,SOff,0.02,N,N,N,27.11,952.95,7.76,0:0:41,0.0,0.0,-0.0,0.0,2.14,-5.63,ST
1008.0,0:1:2,14.0,F,SOff,0.05,N,N,N,27.12,952.94,7.76,0:0:42,0.0,0.0,-0.0,0.0,-4.87,7.52,ST
1008.0,0:1:3,15.0,F,SOff,0.06,N,N,N,27.13,952.94,7.73,0:0:43,0.0,0.0,-0.0,0.0,-2.97,5.56,ST
1008.0,0:1:4,16.0,F,SOff,0.08,N,N,N,27.15,952.94,7.76,0:0:44,0.0,0.0,-0.0,0.0,-0.87,7.39,ST
1008.0,0:1:5,17.0,F,SOff,0.07,N,N,N,27.16,952.94,7.76,0:0:45,0.0,0.0,-0.0,0.0,4.01,0.1,ST
1008.0,0:1:6,18.0,F,SOff,0.09,N,N,N,27.18,952.94,7.76,0:0:46,0.0,0.0,-0.0,0.0,-0.05,-1.11,ST
1008.0,0:1:7,19.0,F,SOff,0.09,N,N,N,27.19,952.94,7.73,0:0:47,0.0,0.0,-0.0,0.0,-3.55,0.29,ST
1008.0,0:1:8,20.0,F,SOff,0.06,N,N,N,27.21,952.94,7.73,0:0:48,0.0,0.0,-0.0,0.0,-1.02,2.39,ST
1008.0,0:1:9,21.0,F,SOff,0.04,N,N,N,27.23,952.95,7.73,0:0:49,0.0,0.0,-0.0,0.0,-2.44,1.15,ST
1008.0,0:1:10,22.0,F,SOff,0.08,N,N,N,27.24,952.94,7.76,0:0:50,0.0,0.0,-0.0,0.0,-2.89,1.85,ST
1008.0,0:1:11,23.0,F,SOff,0.05,N,N,N,27.26,952.94,7.76,0:0:51,0.0,0.0,-0.0,0.0,5.93,16.77,ST
1008.0,0:1:12,24.0,F,SOff,0.03,N,N,N,27.27,952.95,7.76,0:0:52,0.0,0.0,-0.0,0.0,-1.34,-1.13,ST
1008.0,0:1:13,25.0,F,SOff,-0.01,N,N,N,27.28,952.95,7.73,0:0:53,0.0,0.0,-0.0,0.0,-4.06,-2.34,ST
1008.0,0:1:14,26.0,F,SOff,-0.04,N,N,N,27.3,952.95,7.76,0:0:54,0.0,0.0,-0.0,0.0,-3.41,-1.09,ST
1008.0,0:1:15,27.0,F,SOff,-0.05,N,N,N,27.31,952.96,7.73,0:0:55,0.0,0.0,-0.0,0.0,-4.42,-5.01,ST
1008.0,0:1:16,28.0,F,SOff,-0.08,N,N,N,27.32,952.96,7.76,0:0:56,0.0,0.0,-0.0,0.0,-0.42,-1.44,ST
1008.0,0:1:17,29.0,F,SOff,-0.04,N,N,N,27.34,952.95,7.73,0:0:57,0.0,0.0,-0.0,0.0,-3.69,-0.32,ST
1008.0,0:1:18,30.0,F,SOff,-0.1,N,N,N,27.35,952.96,7.76,0:0:58,0.0,0.0,-0.0,0.0,-0.1,-0.1,ST
1008.0,0:1:19,31.0,F,SOff,-0.13,N,N,N,27.37,952.96,7.73,0:0:59,0.0,0.0,-0.0,0.0,-1.94,-0.05,ST
1008.0,0:1:20,32.0,F,SOff,-0.1,N,N,N,27.39,952.96,7.73,0:1:0,0.0,0.0,-0.0,0.0,-3.13,2.0,ST
1008.0,0:1:21,33.0,F,SOff,-0.04,N,N,N,27.4,952.95,7.73,0:1:1,0.0,0.0,-0.0,0.0,4.19,6.12,ST
1008.0,0:1:22,34.0,F,SOff,0.04,N,N,N,27.42,952.95,7.73,0:1:2,0.0,0.0,-0.0,0.0,35.57,11.87,ST
1008.0,0:1:23,35.0,F,SOff,0.12,N,N,N,27.43,952.94,7.73,0:1:3,0.0,0.0,-0.0,0.0,26.93,10.51,ST
1008.0,0:1:24,36.0,F,SOff,0.22,N,N,N,27.45,952.93,7.73,0:1:4,0.0,0.0,-0.0,0.0,23.06,3.12,ST
1008.0,0:1:25,37.0,F,SOff,0.29,N,N,N,27.47,952.92,7.71,0:1:5,0.0,0.0,-0.0,0.0,56.3,17.86,ST
1008.0,0:1:26,38.0,F,SOff,0.36,N,N,N,27.48,952.91,7.73,0:1:6,0.0,0.0,-0.0,0.0,55.72,25.33,ST
1008.0,0:1:27,39.0,F,SOff,0.42,N,N,N,27.5,952.9,7.71,0:1:7,0.0,0.0,-0.0,0.0,51.21,11.06,ST
1008.0,0:1:28,40.0,F,SOff,0.43,N,N,N,27.51,952.9,7.73,0:1:8,0.0,0.0,-0.0,0.0,9.47,2.54,ST
1008.0,0:1:29,41.0,F,SOff,0.41,N,N,N,27.53,952.9,7.73,0:1:9,0.0,0.0,-0.0,0.0,-3.03,6.72,ST
1008.0,0:1:30,42.0,F,SOff,0.39,N,N,N,27.55,952.91,7.73,0:1:10,0.0,0.0,-0.0,0.0,4.06,10.75,ST
1008.0,0:1:31,43.0,F,SOff,0.38,N,N,N,27.57,952.91,7.73,0:1:11,0.0,0.0,-0.0,0.0,-3.17,4.65,ST
1008.0,0:1:32,44.0,F,SOff,0.36,N,N,N,27.58,952.91,7.73,0:1:12,0.0,0.0,-0.0,0.0,0.61,-0.39,ST
1008.0,0:1:33,45.0,F,SOff,0.35,N,N,N,27.6,952.91,7.71,0:1:13,0.0,0.0,-0.0,0.0,0.74,4.5,ST
1008.0,0:1:34,46.0,F,SOff,0.32,N,N,N,27.61,952.91,7.73,0:1:14,0.0,0.0,-0.0,0.0,-0.0,3.28,ST
1008.0,0:1:35,47.0,F,SOff,0.3,N,N,N,27.63,952.92,7.73,0:1:15,0.0,0.0,-0.0,0.0,0.21,1.96,ST
1008.0,0:1:36,48.0,F,SOff,0.25,N,N,N,27.65,952.92,7.71,0:1:16,0.0,0.0,-0.0,0.0,1.04,3.43,ST
1008.0,0:1:37,49.0,F,SOff,0.24,N,N,N,27.66,952.92,7.71,0:1:17,0.0,0.0,-0.0,0.0,0.91,3.0,ST
1008.0,0:1:38,50.0,F,SOff,0.2,N,N,N,27.68,952.93,7.76,0:1:18,0.0,0.0,-0.0,0.0,0.37,2.61,ST
1008.0,0:1:39,51.0,F,SOff,0.18,N,N,N,27.7,952.93,7.73,0:1:19,0.0,0.0,-0.0,0.0,-5.18,3.23,ST
1008.0,0:1:40,52.0,F,SOff,0.18,N,N,N,27.72,952.93,7.73,0:1:20,0.0,0.0,-0.0,0.0,6.15,4.22,ST
1008.0,0:1:41,53.0,F,SOff,0.15,N,N,N,27.73,952.93,7.71,0:1:21,0.0,0.0,-0.0,0.0,1.12,2.32,ST
1008.0,0:1:42,54.0,F,SOff,0.15,N,N,N,27.75,952.93,7.73,0:1:22,0.0,0.0,-0.0,0.0,1.61,0.75,ST
1008.0,0:1:43,55.0,F,SOff,0.15,N,N,N,27.76,952.93,7.71,0:1:23,0.0,0.0,-0.0,0.0,3.0,3.48,ST
1008.0,0:1:44,56.0,F,SOff,0.13,N,N,N,27.78,952.94,7.73,0:1:24,0.0,0.0,-0.0,0.0,1.47,0.48,ST
1008.0,0:1:45,57.0,F,SOff,0.13,N,N,N,27.8,952.94,7.71,0:1:25,0.0,0.0,-0.0,0.0,1.18,2.11,ST
1008.0,0:1:46,58.0,F,SOff,0.12,N,N,N,27.82,952.94,7.73,0:1:26,0.0,0.0,-0.0,0.0,-0.64,1.61,ST
1008.0,0:1:47,59.0,F,SOff,0.02,N,N,N,27.84,952.95,7.67,0:1:27,0.0,0.0,-0.0,0.0,1.8,-0.73,ST
1008.0,0:1:48,60.0,F,SOff,-2.72,N,N,N,27.86,953.26,7.73,0:1:28,0.0,0.0,-0.0,0.0,2.84,3.0,ST
1008.0,0:1:49,61.0,F,SOff,-2.4,N,N,N,27.88,953.22,7.73,0:1:29,0.0,0.0,-0.0,0.0,-16.22,5.26,ST
1008.0,0:1:50,62.0,F,SOff,-2.1,N,N,N,27.9,953.19,7.73,0:1:30,0.0,0.0,-0.0,0.0,-19.22,1.67,ST
1008.0,0:1:51,63.0,F,SOff,-1.87,N,N,N,27.92,953.16,7.71,0:1:31,0.0,0.0,-0.0,0.0,-31.12,0.75,ST
1008.0,0:1:52,64.0,F,SOff,-1.58,N,N,N,27.94,953.13,7.71,0:1:32,0.0,0.0,-0.0,0.0,-30.41,3.7,ST
1008.0,0:1:53,65.0,F,SOff,-1.31,N,N,N,27.96,953.1,7.73,0:1:33,0.0,0.0,-0.0,0.0,-23.52,3.44,ST
1008.0,0:1:54,66.0,F,SOff,-1.09,N,N,N,27.98,953.07,7.73,0:1:34,0.0,0.0,-0.0,0.0,-23.47,-1.84,ST
1008.0,0:1:55,67.0,F,SOff,-0.91,N,N,N,28.0,953.05,7.73,0:1:35,0.0,0.0,-0.0,0.0,-21.67,-18.78,ST
1008.0,0:1:56,68.0,F,SOff,-0.74,N,N,N,28.02,953.03,7.73,0:1:36,0.0,0.0,-0.0,0.0,-31.0,-10.63,ST
1008.0,0:1:57,69.0,F,SOff,-0.6,N,N,N,28.04,953.02,7.71,0:1:37,0.0,0.0,-0.0,0.0,-43.59,-8.18,ST
1008.0,0:1:58,70.0,F,SOff,-0.49,N,N,N,28.06,953.01,7.71,0:1:38,0.0,0.0,-0.0,0.0,-25.2,-20.39,ST
1008.0,0:1:59,71.0,F,SOff,-0.32,N,N,N,28.08,952.99,7.71,0:1:39,0.0,0.0,-0.0,0.0,-26.71,-11.6,ST
1008.0,0:2:0,72.0,F,SOff,-0.18,N,N,N,28.1,952.97,7.73,0:1:40,0.0,0.0,-0.0,0.0,-33.37,-23.49,ST
1008.0,0:2:1,73.0,F,SOff,-0.1,N,N,N,28.13,952.96,7.69,0:1:41,0.0,0.0,-0.0,0.0,-33.17,-27.94,ST
1008.0,0:2:2,74.0,F,SOff,0.0,N,N,N,28.15,952.95,7.73,0:1:42,0.0,0.0,-0.0,0.0,-24.89,-39.51,ST
1008.0,0:2:3,75.0,F,SOff,0.09,N,N,N,28.17,952.94,7.73,0:1:43,0.0,0.0,-0.0,0.0,-28.79,-31.57,ST
1008.0,0:2:4,76.0,F,SOff,0.14,N,N,N,28.19,952.93,7.71,0:1:44,0.0,0.0,-0.0,0.0,-21.54,-37.38,ST
1008.0,0:2:5,77.0,F,SOff,0.21,N,N,N,28.21,952.93,7.73,0:1:45,0.0,0.0,-0.0,0.0,-18.32,-39.11,ST
1008.0,0:2:6,78.0,F,SOff,0.28,N,N,N,28.23,952.92,7.71,0:1:46,0.0,0.0,-0.0,0.0,-27.39,-41.09,ST
1008.0,0:2:7,79.0,F,SOff,0.35,N,N,N,28.25,952.91,7.71,0:1:47,0.0,0.0,-0.0,0.0,-34.51,-36.44,ST
1008.0,0:2:8,80.0,F,SOff,0.4,N,N,N,28.27,952.9,7.69,0:1:48,0.0,0.0,-0.0,0.0,-25.96,-38.43,ST
1008.0,0:2:9,81.0,F,SOff,0.41,N,N,N,28.29,952.9,7.73,0:1:49,0.0,0.0,-0.0,0.0,-25.72,-36.05,ST
1008.0,0:2:10,82.0,F,SOff,0.43,N,N,N,28.31,952.9,7.73,0:1:50,0.0,0.0,-0.0,0.0,-29.27,-29.83,ST
1008.0,0:2:11,83.0,F,SOff,0.46,N,N,N,28.32,952.9,7.71,0:1:51,0.0,0.0,-0.0,0.0,-23.36,-37.4,ST
1008.0,0:2:12,84.0,F,SOff,0.49,N,N,N,28.34,952.89,7.73,0:1:52,0.0,0.0,-0.0,0.0,-19.91,-36.62,ST
1008.0,0:2:13,85.0,F,SOff,0.51,N,N,N,28.36,952.89,7.71,0:1:53,0.0,0.0,-0.0,0.0,-12.5,-46.65,ST
1008.0,0:2:14,86.0,F,SOff,0.54,N,N,N,28.38,952.89,7.73,0:1:54,0.0,0.0,-0.0,0.0,-12.11,-46.52,ST
1008.0,0:2:15,87.0,F,SOff,0.58,N,N,N,28.4,952.88,7.71,0:1:55,0.0,0.0,-0.0,0.0,-9.39,-43.21,ST
1008.0,0:2:16,88.0,F,SOff,0.59,N,N,N,28.42,952.88,7.71,0:1:56,0.0,0.0,-0.0,0.0,-18.54,-41.27,ST
1008.0,0:2:17,89.0,F,SOff,0.6,N,N,N,28.44,952.88,7.71,0:1:57,0.0,0.0,-0.0,0.0,-11.17,-48.14,ST
1008.0,0:2:18,90.0,F,SOff,0.61,N,N,N,28.46,952.88,7.71,0:1:58,0.0,0.0,-0.0,0.0,-9.28,-47.94,ST
1008.0,0:2:19,91.0,F,SOff,0.68,N,N,N,28.48,952.87,7.69,0:1:59,0.0,0.0,-0.0,0.0,-7.04,-42.94,ST
1008.0,0:2:20,92.0,F,SOff,0.73,N,N,N,28.5,952.87,7.73,0:2:0,0.0,0.0,-0.0,0.0,-12.62,-48.44,ST
1008.0,0:2:21,93.0,F,SOff,0.77,N,N,N,28.52,952.86,7.71,0:2:1,0.0,0.0,-0.0,0.0,-11.87,-51.33,ST
1008.0,0:2:22,94.0,F,SOff,0.84,N,N,N,28.54,952.85,7.71,0:2:2,0.0,0.0,-0.0,0.0,-11.98,-44.16,ST
1008.0,0:2:23,95.0,F,SOff,0.88,N,N,N,28.56,952.85,7.71,0:2:3,0.0,0.0,-0.0,0.0,-4.22,-43.46,ST
1008.0,0:2:24,96.0,F,SOff,0.91,N,N,N,28.58,952.85,7.73,0:2:4,0.0,0.0,-0.0,0.0,-11.27,-44.43,ST
1008.0,0:2:25,97.0,F,SOff,0.89,N,N,N,28.6,952.85,7.71,0:2:5,0.0,0.0,-0.0,0.0,-8.56,-45.3,ST
1008.0,0:2:26,98.0,F,SOff,0.88,N,N,N,28.62,952.85,7.73,0:2:6,0.0,0.0,-0.0,0.0,-11.56,-44.44,ST
1008.0,0:2:27,99.0,F,SOff,0.84,N,N,N,28.64,952.86,7.73,0:2:7,0.0,0.0,-0.0,0.0,-6.89,-44.85,ST
1008.0,0:2:28,100.0,F,SOff,0.82,N,N,N,28.66,952.86,7.69,0:2:8,0.0,0.0,-0.0,0.0,-4.87,-44.87,ST
1008.0,0:2:29,101.0,F,SOff,0.74,N,N,N,28.68,952.87,7.69,0:2:9,0.0,0.0,-0.0,0.0,-7.85,-53.79,ST
1008.0,0:2:30,102.0,F,SOff,0.71,N,N,N,28.7,952.87,7.71,0:2:10,0.0,0.0,-0.0,0.0,-11.25,-49.86,ST
1008.0,0:2:31,103.0,F,SOff,0.69,N,N,N,28.72,952.87,7.69,0:2:11,0.0,0.0,-0.0,0.0,-6.07,-45.64,ST
1008.0,0:2:32,104.0,F,SOff,0.63,N,N,N,28.74,952.88,7.69,0:2:12,0.0,0.0,-0.0,0.0,1.35,-50.79,ST
1008.0,0:2:33,105.0,F,SOff,0.58,N,N,N,28.76,952.88,7.69,0:2:13,0.0,0.0,-0.0,0.0,-10.72,-48.38,ST
1008.0,0:2:34,106.0,F,SOff,0.51,N,N,N,28.78,952.89,7.69,0:2:14,0.0,0.0,-0.0,0.0,-9.8,-50.44,ST
1008.0,0:2:35,107.0,F,SOff,0.51,N,N,N,28.8,952.89,7.71,0:2:15,0.0,0.0,-0.0,0.0,-9.62,-49.02,ST
1008.0,0:2:36,108.0,F,SOff,0.51,N,N,N,28.82,952.89,7.73,0:2:16,0.0,0.0,-0.0,0.0,-12.62,-47.93,ST
1008.0,0:2:37,109.0,F,SOff,0.49,N,N,N,28.84,952.89,7.71,0:2:17,0.0,0.0,-0.0,0.0,-2.52,-44.68,ST
1008.0,0:2:38,110.0,F,SOff,0.5,N,N,N,28.86,952.89,7.69,0:2:18,0.0,0.0,-0.0,0.0,1.06,-41.65,ST
1008.0,0:2:39,111.0,F,SOff,0.5,N,N,N,28.87,952.89,7.71,0:2:19,0.0,0.0,-0.0,0.0,-8.79,-45.59,ST
1008.0,0:2:40,112.0,F,SOff,0.53,N,N,N,28.89,952.89,7.71,0:2:20,0.0,0.0,-0.0,0.0,-8.13,-32.25,ST
1008.0,0:2:41,113.0,F,SOff,0.55,N,N,N,28.91,952.89,7.73,0:2:21,0.0,0.0,-0.0,0.0,-0.82,-34.84,ST
1008.0,0:2:42,114.0,F,SOff,0.56,N,N,N,28.93,952.89,7.71,0:2:22,0.0,0.0,-0.0,0.0,5.05,-36.82,ST
1008.0,0:2:43,115.0,F,SOff,0.57,N,N,N,28.95,952.89,7.69,0:2:23,0.0,0.0,-0.0,0.0,-3.63,-38.64,ST
1008.0,0:2:44,116.0,F,SOff,0.6,N,N,N,28.97,952.88,7.69,0:2:24,0.0,0.0,-0.0,0.0,0.42,-42.71,ST
1008.0,0:2:45,117.0,F,SOff,0.64,N,N,N,28.99,952.88,7.71,0:2:25,0.0,0.0,-0.0,0.0,-2.26,-45.51,ST
1008.0,0:2:46,118.0,F,SOff,0.66,N,N,N,29.01,952.88,7.71,0:2:26,0.0,0.0,-0.0,0.0,-5.8,-40.88,ST
1008.0,0:2:47,119.0,F,SOff,0.7,N,N,N,29.03,952.87,7.69,0:2:27,0.0,0.0,-0.0,0.0,-2.67,-44.96,ST
1008.0,0:2:48,120.0,F,SOff,0.72,N,N,N,29.05,952.87,7.71,0:2:28,0.0,0.0,-0.0,0.0,7.52,-37.91,ST
1008.0,0:2:49,121.0,F,SOff,0.69,N,N,N,29.07,952.87,7.71,0:2:29,0.0,0.0,-0.0,0.0,2.91,-45.91,ST
1008.0,0:2:50,122.0,F,SOff,0.69,N,N,N,29.09,952.87,7.71,0:2:30,0.0,0.0,-0.0,0.0,-3.36,-51.73,ST
1008.0,0:2:51,123.0,F,SOff,0.7,N,N,N,29.11,952.87,7.73,0:2:31,0.0,0.0,-0.0,0.0,4.36,-55.25,ST
1008.0,0:2:52,124.0,F,SOff,0.7,N,N,N,29.13,952.87,7.71,0:2:32,0.0,0.0,-0.0,0.0,-8.05,-48.79,ST
1008.0,0:2:53,125.0,F,SOff,0.71,N,N,N,29.15,952.87,7.71,0:2:33,0.0,0.0,-0.0,0.0,-6.88,-49.08,ST
1008.0,0:2:54,126.0,F,SOff,0.69,N,N,N,29.17,952.87,7.69,0:2:34,0.0,0.0,-0.0,0.0,-5.24,-50.68,ST
1008.0,0:2:55,127.0,F,SOff,0.7,N,N,N,29.19,952.87,7.69,0:2:35,0.0,0.0,-0.0,0.0,2.27,-53.17,ST
1008.0,0:2:56,128.0,F,SOff,0.7,N,N,N,29.21,952.87,7.69,0:2:36,0.0,0.0,-0.0,0.0,-11.1,-50.4,ST
1008.0,0:2:57,129.0,F,SOff,0.7,N,N,N,29.23,952.87,7.69,0:2:37,0.0,0.0,-0.0,0.0,0.93,-54.66,ST
1008.0,0:2:58,130.0,F,SOff,0.67,N,N,N,29.25,952.87,7.71,0:2:38,0.0,0.0,-0.0,0.0,-10.02,-46.67,ST
1008.0,0:2:59,131.0,F,SOff,0.63,N,N,N,29.27,952.88,7.71,0:2:39,0.0,0.0,-0.0,0.0,-8.85,-44.22,ST
1008.0,0:3:0,132.0,F,SOff,0.55,N,N,N,29.29,952.89,7.71,0:2:40,0.0,0.0,-0.0,0.0,-1.73,-46.85,ST
1008.0,0:3:1,133.0,F,SOff,0.52,N,N,N,29.31,952.89,7.71,0:2:41,0.0,0.0,-0.0,0.0,-4.8,-47.51,ST
1008.0,0:3:2,134.0,F,SOff,0.5,N,N,N,29.33,952.89,7.69,0:2:42,0.0,0.0,-0.0,0.0,4.44,-50.62,ST
1008.0,0:3:3,135.0,F,SOff,0.47,N,N,N,29.35,952.9,7.71,0:2:43,0.0,0.0,-0.0,0.0,-3.68,-52.68,ST
1008.0,0:3:4,136.0,F,SOff,0.46,N,N,N,29.37,952.9,7.71,0:2:44,0.0,0.0,-0.0,0.0,-6.04,-45.05,ST
1008.0,0:3:5,137.0,F,SOff,0.45,N,N,N,29.39,952.9,7.71,0:2:45,0.0,0.0,-0.0,0.0,3.74,-41.57,ST
1008.0,0:3:6,138.0,F,SOff,0.47,N,N,N,29.41,952.9,7.71,0:2:46,0.0,0.0,-0.0,0.0,-0.47,-51.79,ST
1008.0,0:3:7,139.0,F,SOff,0.46,N,N,N,29.43,952.9,7.71,0:2:47,0.0,0.0,-0.0,0.0,4.51,-51.24,ST
1008.0,0:3:8,140.0,F,SOff,0.46,N,N,N,29.44,952.9,7.71,0:2:48,0.0,0.0,-0.0,0.0,-2.17,-45.63,ST
1008.0,0:3:9,141.0,F,SOff,0.41,N,N,N,29.46,952.9,7.69,0:2:49,0.0,0.0,-0.0,0.0,5.71,-50.58,ST
1008.0,0:3:10,142.0,F,SOff,0.43,N,N,N,29.48,952.9,7.71,0:2:50,0.0,0.0,-0.0,0.0,9.8,-54.76,ST
1008.0,0:3:11,143.0,F,SOff,0.43,N,N,N,29.5,952.9,7.69,0:2:51,0.0,0.0,-0.0,0.0,-5.86,-45.58,ST
1008.0,0:3:12,144.0,F,SOff,0.39,N,N,N,29.52,952.91,7.73,0:2:52,0.0,0.0,-0.0,0.0,6.96,-43.1,ST
1008.0,0:3:13,145.0,F,SOff,0.42,N,N,N,29.54,952.9,7.69,0:2:53,0.0,0.0,-0.0,0.0,18.32,-44.39,ST
1008.0,0:3:14,146.0,F,SOff,0.44,N,N,N,29.56,952.9,7.71,0:2:54,0.0,0.0,-0.0,0.0,12.99,-50.17,ST
1008.0,0:3:15,147.0,F,SOff,0.46,N,N,N,29.58,952.9,7.71,0:2:55,0.0,0.0,-0.0,0.0,14.46,-49.94,ST
1008.0,0:3:16,148.0,F,SOff,0.46,N,N,N,29.6,952.9,7.71,0:2:56,0.0,0.0,-0.0,0.0,8.11,-49.1,ST
1008.0,0:3:17,149.0,F,SOff,0.47,N,N,N,29.62,952.9,7.69,0:2:57,0.0,0.0,-0.0,0.0,-2.37,-52.95,ST
1008.0,0:3:18,150.0,F,SOff,0.47,N,N,N,29.64,952.9,7.71,0:2:58,0.0,0.0,-0.0,0.0,11.03,-56.17,ST
1008.0,0:3:19,151.0,F,SOff,0.41,N,N,N,29.66,952.9,7.69,0:2:59,0.0,0.0,-0.0,0.0,8.26,-56.09,ST
1008.0,0:3:20,152.0,F,SOff,0.4,N,N,N,29.68,952.91,7.69,0:3:0,0.0,0.0,-0.0,0.0,7.5,-51.44,ST
1008.0,0:3:21,153.0,F,SOff,0.39,N,N,N,29.7,952.91,7.69,0:3:1,0.0,0.0,-0.0,0.0,5.16,-49.86,ST
1008.0,0:3:22,154.0,F,SOff,0.33,N,N,N,29.72,952.91,7.67,0:3:2,0.0,0.0,-0.0,0.0,2.39,-50.45,ST
1008.0,0:3:23,155.0,F,SOff,0.32,N,N,N,29.74,952.91,7.71,0:3:3,0.0,0.0,-0.0,0.0,10.93,-43.15,ST
1008.0,0:3:24,156.0,F,SOff,0.31,N,N,N,29.76,952.91,7.71,0:3:4,0.0,0.0,-0.0,0.0,16.96,-41.52,ST
1008.0,0:3:25,157.0,F,SOff,0.29,N,N,N,29.78,952.92,7.67,0:3:5,0.0,0.0,-0.0,0.0,20.58,-38.62,ST
1008.0,0:3:26,158.0,F,SOff,0.25,N,N,N,29.8,952.92,7.71,0:3:6,0.0,0.0,-0.0,0.0,6.43,-47.38,ST
1008.0,0:3:27,159.0,F,SOff,0.23,N,N,N,29.82,952.92,7.69,0:3:7,0.0,0.0,-0.0,0.0,3.1,-52.26,ST
1008.0,0:3:28,160.0,F,SOff,0.17,N,N,N,29.84,952.93,7.71,0:3:8,0.0,0.0,-0.0,0.0,11.9,-47.66,ST
1008.0,0:3:29,161.0,F,SOff,0.14,N,N,N,29.86,952.93,7.67,0:3:9,0.0,0.0,-0.0,0.0,11.63,-55.69,ST
1008.0,0:3:30,162.0,F,SOff,0.12,N,N,N,29.88,952.94,7.69,0:3:10,0.0,0.0,-0.0,0.0,5.42,-50.68,ST
1008.0,0:3:31,163.0,F,SOff,0.1,N,N,N,29.9,952.94,7.69,0:3:11,0.0,0.0,-0.0,0.0,-0.51,-48.94,ST
1008.0,0:3:32,164.0,F,SOff,0.1,N,N,N,29.92,952.94,7.71,0:3:12,0.0,0.0,-0.0,0.0,5.71,-44.01,ST
1008.0,0:3:33,165.0,F,SOff,0.04,N,N,N,29.94,952.94,7.69,0:3:13,0.0,0.0,-0.0,0.0,18.68,-45.96,ST
1008.0,0:3:34,166.0,F,SOff,0.04,N,N,N,29.96,952.95,7.69,0:3:14,0.0,0.0,-0.0,0.0,7.19,-52.87,ST
1008.0,0:3:35,167.0,F,SOff,0.04,N,N,N,29.98,952.95,7.71,17:28:44,0.0,0.0,-0.0,0.0,5.45,-52.74,ST
1008.0,0:3:36,168.0,F,SOff,0.04,N,N,N,30.0,952.95,7.71,17:28:45,0.0,0.0,-0.0,0.0,3.19,-58.19,ST
1008.0,0:3:37,169.0,F,SOff,0.03,N,N,N,30.02,952.95,7.71,17:28:46,0.0,0.0,-0.0,0.0,8.55,-50.93,ST
1008.0,0:3:38,170.0,F,SOff,0.02,N,N,N,30.03,952.95,7.67,17:28:47,0.0,0.0,-0.0,0.0,-4.76,-48.51,ST
1008.0,0:3:39,171.0,F,SOff,0.02,N,N,N,30.05,952.95,7.67,17:28:48,0.0,0.0,-0.0,0.0,9.75,-43.87,ST
1008.0,0:3:40,172.0,F,SOff,0.0,N,N,N,30.07,952.95,7.69,17:28:49,0.0,0.0,-0.0,0.0,6.11,-47.67,ST
1008.0,0:3:41,173.0,F,SOff,-0.0,N,N,N,30.09,952.95,7.71,17:28:50,0.0,0.0,-0.0,0.0,-5.96,-49.89,ST
1008.0,0:3:42,174.0,F,SOff,0.01,N,N,N,30.11,952.95,7.69,17:28:51,0.0,0.0,-0.0,0.0,-2.1,-58.22,ST
1008.0,0:3:43,175.0,F,SOff,-0.02,N,N,N,30.13,952.95,7.67,17:28:52,0.0,0.0,-0.0,0.0,-3.21,-59.57,ST
1008.0,0:3:44,176.0,F,SOff,-0.0,N,N,N,30.14,952.95,7.67,17:28:53,0.0,0.0,-0.0,0.0,-6.23,-48.77,ST
1008.0,0:3:45,177.0,F,SOff,-0.02,N,N,N,30.16,952.95,7.69,17:28:54,0.0,0.0,-0.0,0.0,-3.11,-48.39,ST
1008.0,0:3:46,178.0,F,SOff,-0.05,N,N,N,30.18,952.96,7.69,17:28:55,0.0,0.0,-0.0,0.0,4.4,-43.17,ST
1008.0,0:3:47,179.0,F,SOff,-0.07,N,N,N,30.2,952.96,7.69,17:28:56,0.0,0.0,-0.0,0.0,1.97,-47.31,ST
1008.0,0:3:48,180.0,F,SOff,-0.11,N,N,N,30.22,952.96,7.69,17:28:57,0.0,0.0,-0.0,0.0,-5.47,-52.75,ST
1008.0,0:3:49,181.0,F,SOff,-0.07,N,N,N,30.24,952.96,7.69,17:28:58,0.0,0.0,-0.0,0.0,2.2,-55.94,ST
1008.0,0:3:50,182.0,F,SOff,-0.1,N,N,N,30.26,952.96,7.69,17:28:59,0.0,0.0,-0.0,0.0,-3.6,-51.34,ST
1008.0,0:3:51,183.0,F,SOff,-0.11,N,N,N,30.28,952.96,7.67,17:29:0,0.0,0.0,-0.0,0.0,-11.73,-46.88,ST
1008.0,0:3:52,184.0,F,SOff,-0.14,N,N,N,30.3,952.97,7.67,17:29:1,0.0,0.0,-0.0,0.0,-3.72,-48.59,ST
1008.0,0:3:53,185.0,F,SOff,-0.14,N,N,N,30.31,952.97,7.69,17:29:2,0.0,0.0,-0.0,0.0,-9.03,-48.15,ST
1008.0,0:3:54,186.0,F,SOff,-0.2,N,N,N,30.33,952.97,7.69,17:29:3,0.0,0.0,-0.0,0.0,-9.27,-49.15,ST
1008.0,0:3:55,187.0,F,SOff,-0.21,N,N,N,30.35,952.97,7.69,17:29:4,0.0,0.0,-0.0,0.0,-15.26,-44.91,ST
1008.0,0:3:56,188.0,F,SOff,-0.24,N,N,N,30.37,952.98,7.69,17:29:5,0.0,0.0,-0.0,0.0,-15.5,-42.6,ST
1008.0,0:3:57,189.0,F,SOff,-0.26,N,N,N,30.39,952.98,7.71,17:29:6,0.0,0.0,-0.0,0.0,-15.24,-45.33,ST
1008.0,0:3:58,190.0,F,SOff,-0.23,N,N,N,30.4,952.98,7.69,17:29:7,0.0,0.0,-0.0,0.0,-31.5,-44.22,ST
1008.0,0:3:59,191.0,F,SOff,-0.25,N,N,N,30.42,952.98,7.69,17:29:8,0.0,0.0,-0.0,0.0,-27.72,-39.2,ST
1008.0,0:4:0,192.0,F,SOff,-0.29,N,N,N,30.44,952.98,7.69,17:29:9,0.0,0.0,-0.0,0.0,-16.76,-41.14,ST
1008.0,0:4:1,193.0,F,SOff,-0.32,N,N,N,30.46,952.99,7.67,17:29:10,0.0,0.0,-0.0,0.0,-20.78,-35.48,ST
1008.0,0:4:2,194.0,F,SOff,-0.35,N,N,N,30.47,952.99,7.69,17:29:11,0.0,0.0,-0.0,0.0,-23.33,-19.66,ST
1008.0,0:4:3,195.0,F,SOff,-0.36,N,N,N,30.49,952.99,7.71,17:29:12,0.0,0.0,-0.0,0.0,-12.57,-0.83,ST
1008.0,0:4:4,196.0,F,SOff,-0.35,N,N,N,30.51,952.99,7.67,17:29:13,0.0,0.0,-0.0,0.0,18.07,-7.27,ST
1008.0,0:4:5,197.0,F,SOff,-0.42,N,N,N,30.52,953.0,7.67,17:29:14,0.0,0.0,-0.0,0.0,34.95,-1.8,ST
1008.0,0:4:6,198.0,F,SOff,-0.5,N,N,N,30.54,953.01,7.71,17:29:15,0.0,0.0,-0.0,0.0,63.76,5.87,ST
1008.0,0:4:7,199.0,F,SOff,-0.59,N,N,N,30.56,953.02,7.69,17:29:16,0.0,0.0,-0.0,0.0,72.06,-0.25,ST
1008.0,0:4:8,200.0,F,SOff,-0.62,N,N,N,30.57,953.02,7.69,17:29:17,0.0,0.0,-0.0,0.0,69.19,-18.82,ST
1008.0,0:4:9,201.0,F,SOff,-0.63,N,N,N,30.59,953.02,7.65,17:29:18,0.0,0.0,-0.0,0.0,84.8,0.68,ST
1008.0,0:4:10,202.0,F,SOff,-0.7,N,N,N,30.61,953.03,7.69,17:29:19,0.0,0.0,-0.0,0.0,65.69,-24.08,ST
1008.0,0:4:11,203.0,F,SOff,-0.78,N,N,N,30.63,953.04,7.67,17:29:20,0.0,0.0,-0.0,0.0,47.86,-42.14,ST
1008.0,0:4:12,204.0,F,SOff,-0.79,N,N,N,30.65,953.04,7.67,17:29:21,0.0,0.0,-0.0,0.0,40.78,-49.18,ST
1008.0,0:4:13,205.0,F,SOff,-0.84,N,N,N,30.67,953.05,7.69,17:29:22,0.0,0.0,-0.0,0.0,39.43,-50.44,ST
1008.0,0:4:14,206.0,F,SOff,-0.82,N,N,N,30.69,953.04,7.67,17:29:23,0.0,0.0,-0.0,0.0,47.78,-42.15,ST
1008.0,0:4:15,207.0,F,SOff,-0.8,N,N,N,30.71,953.04,7.67,17:29:24,0.0,0.0,-0.0,0.0,50.53,-39.47,ST
1008.0,0:4:16,208.0,F,SOff,-0.82,N,N,N,30.73,953.04,7.69,17:29:25,0.0,0.0,-0.0,0.0,39.03,-50.86,ST
1008.0,0:4:17,209.0,F,SOff,-0.81,N,N,N,30.75,953.04,7.69,17:29:26,0.0,0.0,-0.0,0.0,27.28,-58.02,ST
1008.0,0:4:18,210.0,F,SOff,-0.8,N,N,N,30.77,953.04,7.69,17:29:27,0.0,0.0,-0.0,0.0,43.76,-46.2,ST
1008.0,0:4:19,211.0,F,SOff,-0.85,N,N,N,30.8,953.05,7.69,17:29:28,0.0,0.0,-0.0,0.0,35.31,-53.39,ST
1008.0,0:4:20,212.0,F,SOff,-0.85,N,N,N,30.82,953.05,7.69,17:29:29,0.0,0.0,-0.0,0.0,45.76,-44.1,ST
1008.0,0:4:21,213.0,F,SOff,-0.96,N,N,N,30.84,953.06,7.71,17:29:30,0.0,0.0,-0.0,0.0,43.07,-44.34,ST
1008.0,0:4:22,214.0,F,SOff,-0.93,N,N,N,30.86,953.06,7.69,17:29:31,0.0,0.0,-0.0,0.0,39.8,-50.2,ST
1008.0,0:4:23,215.0,F,SOff,-0.98,N,N,N,30.88,953.06,7.67,17:29:32,0.0,0.0,-0.0,0.0,47.71,-42.08,ST
1008.0,0:4:24,216.0,F,SOff,-0.96,N,N,N,30.9,953.06,7.69,17:29:33,0.0,0.0,-0.0,0.0,34.02,-55.97,ST
1008.0,0:4:25,217.0,F,SOff,-0.94,N,N,N,30.92,953.06,7.69,17:29:34,0.0,0.0,-0.0,0.0,74.21,-3.16,ST
1008.0,0:4:26,218.0,F,SOff,-0.9,N,N,N,30.94,953.05,7.69,17:29:35,0.0,0.0,-0.0,0.0,50.98,-17.11,ST
1008.0,0:4:27,219.0,F,SOff,-0.89,N,N,N,30.96,953.05,7.69,17:29:36,0.0,0.0,-0.0,0.0,30.43,-20.01,ST
1008.0,0:4:28,220.0,F,SOff,-0.82,N,N,N,30.98,953.04,7.69,17:29:37,0.0,0.0,-0.0,0.0,16.7,-0.13,ST
1008.0,0:4:29,221.0,F,SOff,-0.75,N,N,N,31.0,953.03,7.69,17:29:38,0.0,0.0,-0.0,0.0,-6.85,1.03,ST
1008.0,0:4:30,222.0,F,SOff,-0.69,N,N,N,31.02,953.03,7.69,17:29:39,0.0,0.0,-0.0,0.0,-5.54,-2.61,ST
1008.0,0:4:31,223.0,F,SOff,-0.66,N,N,N,31.04,953.03,7.69,17:29:40,0.0,0.0,-0.0,0.0,-5.47,-2.34,ST
1008.0,0:4:32,224.0,F,SOff,-0.66,N,N,N,31.06,953.02,7.67,17:29:41,0.0,0.0,-0.0,0.0,-6.37,-1.59,ST
1008.0,0:4:33,225.0,F,SOff,-0.63,N,N,N,31.08,953.02,7.67,17:29:42,0.0,0.0,-0.0,0.0,-5.73,-2.34,ST
1008.0,0:4:34,226.0,F,SOff,-0.63,N,N,N,31.1,953.02,7.69,17:29:43,0.0,0.0,-0.0,0.0,-4.16,-3.09,ST
1008.0,0:4:35,227.0,F,SOff,-0.63,N,N,N,31.12,953.02,7.69,17:29:44,0.0,0.0,-0.0,0.0,-7.23,-1.05,ST
1008.0,0:4:36,228.0,F,SOff,-0.59,N,N,N,31.14,953.02,7.69,17:29:45,0.0,0.0,-0.0,0.0,-4.78,-2.85,ST
1008.0,0:4:37,229.0,F,SOff,-0.6,N,N,N,31.16,953.02,7.67,17:29:46,0.0,0.0,-0.0,0.0,-4.74,-1.71,ST
1008.0,0:4:38,230.0,F,SOff,-0.62,N,N,N,31.18,953.02,7.69,17:29:47,0.0,0.0,-0.0,0.0,-5.66,-1.81,ST
1008.0,0:4:39,231.0,F,SOff,-0.59,N,N,N,31.19,953.02,7.69,17:29:48,0.0,0.0,-0.0,0.0,-5.6,-2.3,ST
1008.0,0:4:40,232.0,F,SOff,-0.62,N,N,N,31.21,953.02,7.65,17:29:49,0.0,0.0,-0.0,0.0,-6.45,-2.4,ST
1008.0,0:4:41,233.0,F,SOff,-0.64,N,N,N,31.23,953.02,7.67,17:29:50,0.0,0.0,-0.0,0.0,-5.37,-2.62,ST
1008.0,0:4:42,234.0,F,SOff,-0.62,N,N,N,31.25,953.02,7.67,17:29:51,0.0,0.0,-0.0,0.0,-5.32,-2.23,ST
1008.0,0:4:43,235.0,F,SOff,-0.59,N,N,N,31.26,953.02,7.65,17:29:52,0.0,0.0,-0.0,0.0,-5.21,-2.27,ST
1008.0,0:4:44,236.0,F,SOff,-0.59,N,N,N,31.28,953.02,7.69,17:29:53,0.0,0.0,-0.0,0.0,-5.52,-2.13,ST
1008.0,0:4:45,237.0,F,SOff,-0.56,N,N,N,31.3,953.01,7.65,17:29:54,0.0,0.0,-0.0,0.0,-5.2,-2.25,ST
1008.0,0:4:46,238.0,F,SOff,-0.51,N,N,N,31.32,953.01,7.67,17:29:55,0.0,0.0,-0.0,0.0,-5.43,-2.18,ST
1008.0,0:4:47,239.0,F,SOff,-0.48,N,N,N,31.34,953.0,7.69,17:29:56,0.0,0.0,-0.0,0.0,-5.37,-2.12,ST
1008.0,0:4:48,240.0,F,SOff,-0.5,N,N,N,31.36,953.01,7.67,17:29:57,0.0,0.0,-0.0,0.0,-5.37,-2.0,ST
1008.0,0:4:49,241.0,F,SOff,-0.48,N,N,N,31.37,953.0,7.69,17:29:58,0.0,0.0,-0.0,0.0,-5.35,-2.04,ST
1008.0,0:4:50,242.0,F,SOff,-0.46,N,N,N,31.39,953.0,7.67,17:29:59,0.0,0.0,-0.0,0.0,-5.57,-2.16,ST
1008.0,0:4:51,243.0,F,SOff,-0.45,N,N,N,31.41,953.0,7.69,17:30:0,0.0,0.0,-0.0,0.0,-5.3,-2.08,ST
1008.0,0:4:52,244.0,F,SOff,-0.42,N,N,N,31.43,953.0,7.67,17:30:1,0.0,0.0,-0.0,0.0,-5.31,-2.18,ST
1008.0,0:4:53,245.0,F,SOff,-0.42,N,N,N,31.45,953.0,7.67,17:30:2,0.0,0.0,-0.0,0.0,-5.21,-2.1,ST
1008.0,0:4:54,246.0,F,SOff,-0.4,N,N,N,31.46,953.0,7.69,17:30:3,0.0,0.0,-0.0,0.0,-5.25,-2.24,ST
1008.0,0:4:55,247.0,F,SOff,-0.4,N,N,N,31.48,952.99,7.65,17:30:4,0.0,0.0,-0.0,0.0,-5.18,-2.41,ST
1008.0,0:4:56,248.0,F,SOff,-0.38,N,N,N,31.5,952.99,7.69,17:30:5,0.0,0.0,-0.0,0.0,-5.32,-2.31,ST
1008.0,0:4:57,249.0,F,SOff,-0.41,N,N,N,31.52,953.0,7.67,17:30:6,0.0,0.0,-0.0,0.0,-5.58,-2.29,ST
1008.0,0:4:58,250.0,F,SOff,-0.41,N,N,N,31.53,953.0,7.67,17:30:7,0.0,0.0,-0.0,0.0,-5.42,-2.22,ST
1008.0,0:4:59,251.0,F,SOff,-0.42,N,N,N,31.55,953.0,7.65,17:30:8,0.0,0.0,-0.0,0.0,-5.24,-2.07,ST
1008.0,0:5:0,252.0,F,SOff,-0.45,N,N,N,31.57,953.0,7.69,17:30:9,0.0,0.0,-0.0,0.0,-5.33,-2.22,ST
1008.0,0:5:1,253.0,F,SOff,-0.45,N,N,N,31.59,953.0,7.67,17:30:10,0.0,0.0,-0.0,0.0,-5.29,-2.36,ST
1008.0,0:5:2,254.0,F,SOff,-0.49,N,N,N,31.61,953.01,7.65,17:30:11,0.0,0.0,-0.0,0.0,-5.34,-2.48,ST
1008.0,0:5:3,255.0,F,SOff,-0.47,N,N,N,31.62,953.0,7.69,17:30:12,0.0,0.0,-0.0,0.0,-5.17,-2.25,ST
1008.0,0:5:4,256.0,F,SOff,-0.48,N,N,N,31.64,953.0,7.69,17:30:13,0.0,0.0,-0.0,0.0,-5.51,-2.41,ST
1008.0,0:5:5,257.0,F,SOff,-0.48,N,N,N,31.66,953.0,7.67,17:30:14,0.0,0.0,-0.0,0.0,-5.59,-2.19,ST
1008.0,0:5:6,258.0,F,SOff,-0.48,N,N,N,31.67,953.0,7.69,17:30:15,0.0,0.0,-0.0,0.0,-5.53,-2.29,ST
1008.0,0:5:7,259.0,F,SOff,-0.48,N,N,N,31.69,953.0,7.69,17:30:16,0.0,0.0,-0.0,0.0,-5.57,-2.1,ST
1008.0,0:5:8,260.0,F,SOff,-0.42,N,N,N,31.71,953.0,7.65,17:30:17,0.0,0.0,-0.0,0.0,-5.44,-2.16,ST
1008.0,0:5:9,261.0,F,SOff,-0.4,N,N,N,31.73,953.0,7.69,17:30:18,0.0,0.0,-0.0,0.0,-5.43,-2.11,ST
1008.0,0:5:10,262.0,F,SOff,-0.4,N,N,N,31.75,953.0,7.67,17:30:19,0.0,0.0,-0.0,0.0,-5.52,-2.54,ST
1008.0,0:5:11,263.0,F,SOff,-0.35,N,N,N,31.75,952.99,7.69,17:30:20,0.0,0.0,-0.0,0.0,-5.62,-2.27,ST
1008.0,0:5:12,264.0,F,SOff,-0.37,N,N,N,31.77,952.99,7.65,17:30:21,0.0,0.0,-0.0,0.0,-5.37,-2.17,ST
1008.0,0:5:13,265.0,F,SOff,-0.32,N,N,N,31.79,952.99,7.67,17:30:22,0.0,0.0,-0.0,0.0,-5.65,-2.41,ST
1008.0,0:5:14,266.0,F,SOff,-0.31,N,N,N,31.8,952.99,7.69,17:30:23,0.0,0.0,-0.0,0.0,-5.56,-2.11,ST
1008.0,0:5:15,267.0,F,SOff,-0.33,N,N,N,31.82,952.99,7.67,17:30:24,0.0,0.0,-0.0,0.0,-5.61,-2.3,ST
1008.0,0:5:16,268.0,F,SOff,-0.31,N,N,N,31.84,952.99,7.65,17:30:25,0.0,0.0,-0.0,0.0,-5.42,-2.14,ST
1008.0,0:5:17,269.0,F,SOff,-0.34,N,N,N,31.86,952.99,7.67,17:30:26,0.0,0.0,-0.0,0.0,-5.5,-2.28,ST
1008.0,0:5:18,270.0,F,SOff,-0.34,N,N,N,31.88,952.99,7.71,17:30:27,0.0,0.0,-0.0,0.0,-5.38,-2.16,ST
1008.0,0:5:19,271.0,F,SOff,-0.34,N,N,N,31.89,952.99,7.69,17:30:28,0.0,0.0,-0.0,0.0,-5.34,-2.12,ST
1008.0,0:5:20,272.0,F,SOff,-0.32,N,N,N,31.91,952.99,7.67,17:30:29,0.0,0.0,-0.0,0.0,-5.51,-2.39,ST
1008.0,0:5:21,273.0,F,SOff,-0.31,N,N,N,31.93,952.99,7.69,17:30:30,0.0,0.0,-0.0,0.0,-5.51,-2.54,ST
1008.0,0:5:22,274.0,F,SOff,-0.3,N,N,N,31.95,952.98,7.69,17:30:31,0.0,0.0,-0.0,0.0,-4.95,-2.54,ST
1008.0,0:5:23,275.0,F,SOff,-0.28,N,N,N,31.96,952.98,7.69,17:30:32,0.0,0.0,-0.0,0.0,-7.56,-1.96,ST
1008.0,0:5:24,276.0,F,SOff,-0.26,N,N,N,31.98,952.98,7.65,17:30:33,0.0,0.0,-0.0,0.0,-5.8,-2.28,ST
1008.0,0:5:25,277.0,F,SOff,-0.23,N,N,N,32.0,952.98,7.67,17:30:34,0.0,0.0,-0.0,0.0,-4.71,-2.3,ST
1008.0,0:5:26,278.0,F,SOff,-0.18,N,N,N,32.01,952.97,7.65,17:30:35,0.0,0.0,-0.0,0.0,-5.9,-2.32,ST
1008.0,0:5:27,279.0,F,SOff,-0.14,N,N,N,32.03,952.97,7.67,17:30:36,0.0,0.0,-0.0,0.0,-4.83,-1.41,ST
1008.0,0:5:28,280.0,F,SOff,-0.12,N,N,N,32.05,952.96,7.67,17:30:37,0.0,0.0,-0.0,0.0,-5.57,-2.66,ST
1008.0,0:5:29,281.0,F,SOff,-0.14,N,N,N,32.07,952.97,7.67,17:30:38,0.0,0.0,-0.0,0.0,-5.06,-1.89,ST
1008.0,0:5:30,282.0,F,SOff,-0.13,N,N,N,32.08,952.96,7.67,17:30:39,0.0,0.0,-0.0,0.0,-5.86,-1.73,ST
1008.0,0:5:31,283.0,F,SOff,-0.07,N,N,N,32.1,952.96,7.65,17:30:40,0.0,0.0,-0.0,0.0,-5.52,-1.66,ST
1008.0,0:5:32,284.0,F,SOff,-0.06,N,N,N,32.12,952.96,7.69,17:30:41,0.0,0.0,-0.0,0.0,-5.26,-2.23,ST
1008.0,0:5:33,285.0,F,SOff,-0.03,N,N,N,32.13,952.95,7.65,17:30:42,0.0,0.0,-0.0,0.0,-5.26,-2.39,ST
1008.0,0:5:34,286.0,F,SOff,-0.04,N,N,N,32.15,952.95,7.67,17:30:43,0.0,0.0,-0.0,0.0,-6.08,-1.7,ST
1008.0,0:5:35,287.0,F,SOff,-0.07,N,N,N,32.17,952.96,7.69,17:30:44,0.0,0.0,-0.0,0.0,-4.68,-2.4,ST
1008.0,0:5:36,288.0,F,SOff,-0.09,N,N,N,32.18,952.96,7.67,17:30:45,0.0,0.0,-0.0,0.0,-5.73,-1.99,ST
1008.0,0:5:37,289.0,F,SOff,-0.09,N,N,N,32.2,952.96,7.67,17:30:46,0.0,0.0,-0.0,0.0,-5.8,-2.74,ST
1008.0,0:5:38,290.0,F,SOff,-0.1,N,N,N,32.22,952.96,7.67,17:30:47,0.0,0.0,-0.0,0.0,-5.11,-1.79,ST
1008.0,0:5:39,291.0,F,SOff,-0.13,N,N,N,32.24,952.96,7.67,17:30:48,0.0,0.0,-0.0,0.0,-5.41,-1.89,ST
1008.0,0:5:40,292.0,F,SOff,-0.08,N,N,N,32.25,952.96,7.67,17:30:49,0.0,0.0,-0.0,0.0,-4.87,-3.18,ST
1008.0,0:5:41,293.0,F,SOff,-0.08,N,N,N,32.27,952.96,7.65,17:30:50,0.0,0.0,-0.0,0.0,-6.01,-2.41,ST
1008.0,0:5:42,294.0,F,SOff,-0.06,N,N,N,32.29,952.96,7.69,17:30:51,0.0,0.0,-0.0,0.0,-5.21,-2.6,ST
1008.0,0:5:43,295.0,F,SOff,-0.07,N,N,N,32.3,952.96,7.69,17:30:52,0.0,0.0,-0.0,0.0,-5.86,-1.91,ST
1008.0,0:5:44,296.0,F,SOff,-0.04,N,N,N,32.31,952.95,7.67,17:30:53,0.0,0.0,-0.0,0.0,-5.17,-1.84,ST
1008.0,0:5:45,297.0,F,SOff,-0.02,N,N,N,32.33,952.95,7.67,17:30:54,0.0,0.0,-0.0,0.0,-5.05,-1.76,ST
1008.0,0:5:46,298.0,F,SOff,0.02,N,N,N,32.34,952.95,7.67,17:30:55,0.0,0.0,-0.0,0.0,-5.31,-2.13,ST
1008.0,0:5:47,299.0,F,SOff,0.05,N,N,N,32.36,952.94,7.67,17:30:56,0.0,0.0,-0.0,0.0,-5.12,-2.19,ST
1008.0,0:5:48,300.0,F,SOff,0.04,N,N,N,32.38,952.95,7.67,17:30:57,0.0,0.0,-0.0,0.0,-5.3,-2.43,ST
1008.0,0:5:49,301.0,F,SOff,0.04,N,N,N,32.39,952.95,7.65,17:30:58,0.0,0.0,-0.0,0.0,-4.68,-2.56,ST
1008.0,0:5:50,302.0,F,SOff,0.08,N,N,N,32.41,952.94,7.69,17:30:59,0.0,0.0,-0.0,0.0,-6.12,-1.31,ST
1008.0,0:5:51,303.0,F,SOff,0.08,N,N,N,32.43,952.94,7.65,17:31:0,0.0,0.0,-0.0,0.0,-5.67,-1.49,ST
1008.0,0:5:52,304.0,F,SOff,0.04,N,N,N,32.44,952.95,7.67,17:31:1,0.0,0.0,-0.0,0.0,-5.29,-2.46,ST
1008.0,0:5:53,305.0,F,SOff,0.01,N,N,N,32.46,952.95,7.69,17:31:2,0.0,0.0,-0.0,0.0,-5.78,-3.11,ST
1008.0,0:5:54,306.0,F,SOff,0.02,N,N,N,32.48,952.95,7.67,17:31:3,0.0,0.0,-0.0,0.0,-4.97,-1.87,ST
1008.0,0:5:55,307.0,F,SOff,-0.02,N,N,N,32.49,952.95,7.67,17:31:4,0.0,0.0,-0.0,0.0,-5.22,-1.83,ST
1008.0,0:5:56,308.0,F,SOff,-0.07,N,N,N,32.51,952.96,7.69,17:31:5,0.0,0.0,-0.0,0.0,-6.26,-1.91,ST
1008.0,0:5:57,309.0,F,SOff,-0.12,N,N,N,32.53,952.96,7.65,17:31:6,0.0,0.0,-0.0,0.0,-5.22,-1.85,ST
1008.0,0:5:58,310.0,F,SOff,-0.14,N,N,N,32.55,952.97,7.65,17:31:7,0.0,0.0,-0.0,0.0,-5.31,-1.93,ST
1008.0,0:5:59,311.0,F,SOff,-0.15,N,N,N,32.56,952.97,7.65,17:31:8,0.0,0.0,-0.0,0.0,-5.33,-2.22,ST
1008.0,0:6:0,312.0,F,SOff,-0.17,N,N,N,32.58,952.97,7.67,17:31:9,0.0,0.0,-0.0,0.0,-5.28,-2.45,ST
1008.0,0:6:1,313.0,F,SOff,-0.13,N,N,N,32.59,952.96,7.67,17:31:10,0.0,0.0,-0.0,0.0,-5.32,-2.67,ST
1008.0,0:6:2,314.0,F,SOff,-0.11,N,N,N,32.61,952.96,7.65,17:31:11,0.0,0.0,-0.0,0.0,-5.66,-1.84,ST
1008.0,0:6:3,315.0,F,SOff,-0.07,N,N,N,32.62,952.96,7.67,17:31:12,0.0,0.0,-0.0,0.0,-4.95,-1.43,ST
1008.0,0:6:4,316.0,F,SOff,-0.13,N,N,N,32.64,952.96,7.65,17:31:13,0.0,0.0,-0.0,0.0,-5.32,-2.02,ST
1008.0,0:6:5,317.0,F,SOff,-0.19,N,N,N,32.66,952.97,7.67,17:31:14,0.0,0.0,-0.0,0.0,-5.62,-2.51,ST
1008.0,0:6:6,318.0,F,SOff,-0.26,N,N,N,32.67,952.98,7.63,17:31:15,0.0,0.0,-0.0,0.0,-6.3,-1.88,ST
1008.0,0:6:7,319.0,F,SOff,-0.32,N,N,N,32.69,952.99,7.65,17:31:16,0.0,0.0,-0.0,0.0,-6.93,-1.67,ST
1008.0,0:6:8,320.0,F,SOff,-0.41,N,N,N,32.7,953.0,7.65,17:31:17,0.0,0.0,-0.0,0.0,-4.32,-2.56,ST
1008.0,0:6:9,321.0,F,SOff,-0.56,N,N,N,32.72,953.01,7.65,17:31:18,0.0,0.0,-0.0,0.0,-4.24,-2.3,ST
1008.0,0:6:10,322.0,F,SOff,-0.64,N,N,N,32.73,953.02,7.67,17:31:19,0.0,0.0,-0.0,0.0,-5.05,-2.05,ST
1008.0,0:6:11,323.0,F,SOff,-0.69,N,N,N,32.75,953.03,7.67,17:31:20,0.0,0.0,-0.0,0.0,-5.05,-1.67,ST
1008.0,0:6:12,324.0,F,SOff,-0.72,N,N,N,32.77,953.03,7.69,17:31:21,0.0,0.0,-0.0,0.0,-4.87,-2.59,ST
1008.0,0:6:13,325.0,F,SOff,-0.67,N,N,N,32.78,953.03,7.67,17:31:22,0.0,0.0,-0.0,0.0,-4.93,0.19,ST
1008.0,0:6:14,326.0,F,SOff,-0.65,N,N,N,32.8,953.02,7.67,17:31:23,0.0,0.0,-0.0,0.0,-4.09,-3.53,ST
1008.0,0:6:15,327.0,F,SOff,-0.61,N,N,N,32.81,953.02,7.65,17:31:24,0.0,0.0,-0.0,0.0,-5.65,-3.47,ST
1008.0,0:6:16,328.0,F,SOff,-0.71,N,N,N,32.83,953.03,7.69,17:31:25,0.0,0.0,-0.0,0.0,-4.15,-1.95,ST
1008.0,0:6:17,329.0,F,SOff,-0.74,N,N,N,32.85,953.02,7.67,17:31:26,0.0,0.0,-0.0,0.0,-4.59,-0.85,ST
1008.0,0:6:18,330.0,F,SOff,-0.76,N,N,N,32.85,953.04,7.67,17:31:27,0.0,0.0,-0.0,0.0,-3.74,-2.94,ST
1008.0,0:6:19,331.0,F,SOff,-0.81,N,N,N,32.87,953.04,7.67,17:31:28,0.0,0.0,-0.0,0.0,-3.84,-1.28,ST
1008.0,0:6:20,332.0,F,SOff,-0.81,N,N,N,32.89,953.04,7.65,17:31:29,0.0,0.0,-0.0,0.0,-4.94,-1.38,ST
1008.0,0:6:21,333.0,F,SOff,-0.82,N,N,N,32.9,953.04,7.67,17:31:30,0.0,0.0,-0.0,0.0,-5.12,-3.4,ST
1008.0,0:6:22,334.0,F,SOff,-0.76,N,N,N,32.91,953.04,7.65,17:31:31,0.0,0.0,-0.0,0.0,-3.66,-1.24,ST
1008.0,0:6:23,335.0,F,SOff,-0.74,N,N,N,32.93,953.03,7.69,17:31:32,0.0,0.0,-0.0,0.0,-4.55,-0.27,ST
1008.0,0:6:24,336.0,F,SOff,-0.68,N,N,N,32.95,953.03,7.67,17:31:33,0.0,0.0,-0.0,0.0,-4.88,-2.26,ST
1008.0,0:6:25,337.0,F,SOff,-0.66,N,N,N,32.96,953.02,7.69,17:31:34,0.0,0.0,-0.0,0.0,-5.5,-1.87,ST
1008.0,0:6:26,338.0,F,SOff,-0.7,N,N,N,32.98,953.03,7.65,17:31:35,0.0,0.0,-0.0,0.0,-5.59,-1.81,ST
1008.0,0:6:27,339.0,F,SOff,-0.71,N,N,N,32.99,953.03,7.65,17:31:36,0.0,0.0,-0.0,0.0,-3.57,-1.66,ST
1008.0,0:6:28,340.0,F,SOff,-0.7,N,N,N,33.01,953.03,7.69,17:31:37,0.0,0.0,-0.0,0.0,-5.68,-1.91,ST
1008.0,0:6:29,341.0,F,SOff,-0.65,N,N,N,33.02,953.02,7.65,17:31:38,0.0,0.0,-0.0,0.0,-5.01,-1.11,ST
1008.0,0:6:30,342.0,F,SOff,-0.62,N,N,N,33.04,953.02,7.67,17:31:39,0.0,0.0,-0.0,0.0,-5.3,-2.89,ST
1008.0,0:6:31,343.0,F,SOff,-0.58,N,N,N,33.06,953.02,7.67,17:31:40,0.0,0.0,-0.0,0.0,-5.72,-1.36,ST
1008.0,0:6:32,344.0,F,SOff,-0.58,N,N,N,33.07,953.02,7.67,17:31:41,0.0,0.0,-0.0,0.0,-4.59,-1.8,ST
1008.0,0:6:33,345.0,F,SOff,-0.6,N,N,N,33.09,953.02,7.69,17:31:42,0.0,0.0,-0.0,0.0,-4.78,-1.3,ST
1008.0,0:6:34,346.0,F,SOff,-0.59,N,N,N,33.1,953.02,7.69,17:31:43,0.0,0.0,-0.0,0.0,-5.54,-1.63,ST
1008.0,0:6:35,347.0,F,SOff,-0.59,N,N,N,33.12,953.02,7.67,17:31:44,0.0,0.0,-0.0,0.0,-5.21,-2.56,ST
1008.0,0:6:36,348.0,F,SOff,-0.57,N,N,N,33.13,953.01,7.69,17:31:45,0.0,0.0,-0.0,0.0,-5.68,-1.09,ST
1008.0,0:6:37,349.0,F,SOff,-0.55,N,N,N,33.15,953.01,7.69,17:31:46,0.0,0.0,-0.0,0.0,-4.96,-1.89,ST
1008.0,0:6:38,350.0,F,SOff,-0.54,N,N,N,33.16,953.01,7.67,17:31:47,0.0,0.0,-0.0,0.0,-5.07,-3.37,ST
1008.0,0:6:39,351.0,F,SOff,-0.56,N,N,N,33.18,953.01,7.69,17:31:48,0.0,0.0,-0.0,0.0,-5.68,-1.15,ST
1008.0,0:6:40,352.0,F,SOff,-0.57,N,N,N,33.2,953.01,7.65,17:31:49,0.0,0.0,-0.0,0.0,-6.05,-2.58,ST
1008.0,0:6:41,353.0,F,SOff,-0.55,N,N,N,33.21,953.01,7.65,17:31:50,0.0,0.0,-0.0,0.0,-5.73,-1.86,ST
1008.0,0:6:42,354.0,F,SOff,-0.53,N,N,N,33.23,953.01,7.65,17:31:51,0.0,0.0,-0.0,0.0,-5.38,-2.34,ST
1008.0,0:6:43,355.0,F,SOff,-0.52,N,N,N,33.24,953.01,7.65,17:31:52,0.0,0.0,-0.0,0.0,-5.76,-2.58,ST
1008.0,0:6:44,356.0,F,SOff,-0.51,N,N,N,33.25,953.01,7.67,17:31:53,0.0,0.0,-0.0,0.0,-5.13,-2.05,ST
1008.0,0:6:45,357.0,F,SOff,-0.48,N,N,N,33.27,953.0,7.69,17:31:54,0.0,0.0,-0.0,3.0,-5.28,-2.16,ST
1008.0,0:6:46,358.0,F,SOff,-0.4,N,N,N,33.28,953.0,7.65,17:31:55,0.0,0.0,-0.0,3.0,-5.33,-2.69,ST
1008.0,0:6:47,359.0,F,SOff,-0.42,N,N,N,33.3,953.0,7.67,17:31:56,0.0,0.0,-0.0,3.0,-4.81,-3.11,ST
1008.0,0:6:48,360.0,F,SOff,-0.38,N,N,N,33.31,952.99,7.67,17:31:57,0.0,0.0,-0.0,3.0,-6.31,-2.13,ST
1008.0,0:6:49,361.0,F,SOff,-0.36,N,N,N,33.33,952.99,7.67,17:31:58,0.0,0.0,-0.0,3.0,-4.98,-2.3,ST
1008.0,0:6:50,362.0,F,SOff,-0.35,N,N,N,33.34,952.99,7.67,17:31:59,0.0,0.0,-0.0,3.0,-5.9,-1.73,ST
1008.0,0:6:51,363.0,F,SOff,-0.37,N,N,N,33.36,952.99,7.65,17:32:0,0.0,0.0,-0.0,3.0,-5.71,-2.33,ST
1008.0,0:6:52,364.0,F,SOff,-0.35,N,N,N,33.37,952.99,7.65,17:32:1,0.0,0.0,-0.0,3.0,-4.95,-2.13,ST
1008.0,0:6:53,365.0,F,SOff,-0.36,N,N,N,33.38,952.99,7.67,17:32:2,0.0,0.0,-0.0,3.0,-5.95,-1.78,ST
1008.0,0:6:54,366.0,F,SOff,-0.38,N,N,N,33.39,952.99,7.65,17:32:3,0.0,0.0,-0.0,3.0,-5.95,-1.93,ST
1008.0,0:6:55,367.0,F,SOff,-0.37,N,N,N,33.41,952.99,7.65,17:32:4,0.0,0.0,-0.0,3.0,-5.05,-2.21,ST
1008.0,0:6:56,368.0,F,SOff,-0.39,N,N,N,33.42,952.99,7.67,17:32:5,0.0,0.0,-0.0,3.0,-6.04,-2.56,ST
1008.0,0:6:57,369.0,F,SOff,-0.41,N,N,N,33.44,953.0,7.65,17:32:6,0.0,0.0,-0.0,3.0,-5.34,-2.2,ST
1008.0,0:6:58,370.0,F,SOff,-0.42,N,N,N,33.45,953.0,7.65,17:32:7,0.0,0.0,-0.0,3.0,-5.09,-1.86,ST
1008.0,0:6:59,371.0,F,SOff,-0.46,N,N,N,33.47,953.0,7.63,17:32:8,0.0,0.0,-0.0,3.0,-5.93,-1.76,ST
1008.0,0:7:0,372.0,F,SOff,-0.47,N,N,N,33.48,953.0,7.67,17:32:9,0.0,0.0,-0.0,3.0,-5.26,-1.9,ST
1008.0,0:7:1,373.0,F,SOff,-0.45,N,N,N,33.5,953.0,7.67,17:32:10,0.0,0.0,-0.0,3.0,-5.88,-1.11,ST
1008.0,0:7:2,374.0,F,SOff,-0.43,N,N,N,33.51,953.0,7.65,17:32:11,0.0,0.0,-0.0,3.0,-3.88,-2.38,ST
1008.0,0:7:3,375.0,F,SOff,-0.4,N,N,N,33.52,952.99,7.67,17:32:12,0.0,0.0,-0.0,3.0,-6.66,-2.04,ST
1008.0,0:7:4,376.0,F,SOff,-0.38,N,N,N,33.54,952.99,7.67,17:32:13,0.0,0.0,-0.0,3.0,-5.63,-2.26,ST
1008.0,0:7:5,377.0,F,SOff,-0.37,N,N,N,33.55,952.99,7.67,17:32:14,0.0,0.0,-0.0,3.0,-4.98,-0.56,ST
1008.0,0:7:6,378.0,F,SOff,-0.38,N,N,N,33.57,952.99,7.65,17:32:15,0.0,0.0,-0.0,3.0,-5.22,-2.08,ST
1008.0,0:7:7,379.0,F,SOff,-0.36,N,N,N,33.58,952.99,7.67,17:32:16,0.0,0.0,-0.0,3.0,-5.09,-2.42,ST
1008.0,0:7:8,380.0,F,SOff,-0.32,N,N,N,33.6,952.99,7.67,17:32:17,0.0,0.0,-0.0,3.0,-5.13,-2.29,ST
1008.0,0:7:9,381.0,F,SOff,-0.25,N,N,N,33.61,952.98,7.65,17:32:18,0.0,0.0,-0.0,3.0,-6.35,-1.33,ST
1008.0,0:7:10,382.0,F,SOff,-0.23,N,N,N,33.62,952.98,7.65,17:32:19,0.0,0.0,-0.0,3.0,-4.73,-2.15,ST
1008.0,0:7:11,383.0,F,SOff,-0.18,N,N,N,33.64,952.97,7.65,17:32:20,0.0,0.0,-0.0,3.0,-6.24,-1.74,ST
1008.0,0:7:12,384.0,F,SOff,-0.18,N,N,N,33.65,952.97,7.67,17:32:21,0.0,0.0,-0.0,3.0,-4.59,-2.55,ST
1008.0,0:7:13,385.0,F,SOff,-0.17,N,N,N,33.67,952.97,7.67,17:32:22,0.0,0.0,-0.0,3.0,-6.21,-2.25,ST
1008.0,0:7:14,386.0,F,SOff,-0.18,N,N,N,33.68,952.97,7.63,17:32:23,0.0,0.0,-0.0,3.0,-4.97,-2.51,ST
1008.0,0:7:15,387.0,F,SOff,-0.19,N,N,N,33.7,952.97,7.69,17:32:24,0.0,0.0,-0.0,3.0,-5.09,-1.98,ST
1008.0,0:7:16,388.0,F,SOff,-0.19,N,N,N,33.71,952.97,7.67,17:32:25,0.0,0.0,-0.0,3.0,-4.86,-3.93,ST
1008.0,0:7:17,389.0,F,SOff,-0.15,N,N,N,33.72,952.97,7.67,17:32:26,0.0,0.0,-0.0,3.0,-5.27,-1.71,ST
1008.0,0:7:18,390.0,F,SOff,-0.16,N,N,N,33.74,952.97,7.67,17:32:27,0.0,0.0,-0.0,3.0,-6.48,-2.29,ST
1008.0,0:7:19,391.0,F,SOff,-0.17,N,N,N,33.75,952.97,7.67,17:32:28,0.0,0.0,-0.0,3.0,-4.17,-3.9,ST
1008.0,0:7:20,392.0,F,SOff,-0.18,N,N,N,33.77,952.97,7.67,17:32:29,0.0,0.0,-0.0,3.0,-6.69,-1.93,ST
1008.0,0:7:21,393.0,F,SOff,-0.2,N,N,N,33.78,952.97,7.65,17:32:30,0.0,0.0,-0.0,3.0,-3.8,-1.66,ST
1008.0,0:7:22,394.0,F,SOff,-0.18,N,N,N,33.8,952.97,7.69,17:32:31,0.0,0.0,-0.0,3.0,-5.55,-2.12,ST
1008.0,0:7:23,395.0,F,SOff,-0.19,N,N,N,33.81,952.97,7.65,17:32:32,0.0,0.0,-0.0,3.0,-5.14,-2.38,ST
1008.0,0:7:24,396.0,F,SOff,-0.17,N,N,N,33.83,952.97,7.67,17:32:33,0.0,0.0,-0.0,3.0,-5.9,-2.42,ST
1008.0,0:7:25,397.0,F,SOff,-0.14,N,N,N,33.84,952.97,7.67,17:32:34,0.0,0.0,-0.0,3.0,-5.59,-1.91,ST
1008.0,0:7:26,398.0,F,SOff,-0.15,N,N,N,33.85,952.97,7.65,17:32:35,0.0,0.0,-0.0,3.0,-5.08,-2.13,ST
1008.0,0:7:27,399.0,F,SOff,-0.12,N,N,N,33.86,952.97,7.65,17:32:36,0.0,0.0,-0.0,3.0,-5.35,-2.11,ST
1008.0,0:7:28,400.0,F,SOff,-0.15,N,N,N,33.87,952.97,7.67,17:32:37,0.0,0.0,-0.0,3.0,-6.07,-2.18,ST
1008.0,0:7:29,401.0,F,SOff,-0.12,N,N,N,33.88,952.96,7.65,17:32:38,0.0,0.0,-0.0,3.0,-5.36,-2.05,ST
1008.0,0:7:30,402.0,F,SOff,-0.11,N,N,N,33.9,952.96,7.67,17:32:39,0.0,0.0,-0.0,3.0,-5.21,-2.07,ST
1008.0,0:7:31,403.0,F,SOff,-0.03,N,N,N,33.91,952.95,7.67,17:32:40,0.0,0.0,-0.0,3.0,-5.76,-0.4,ST
1008.0,0:7:32,404.0,F,SOff,-0.05,N,N,N,33.92,952.96,7.67,17:32:41,0.0,0.0,-0.0,3.0,-5.41,-1.94,ST
1008.0,0:7:33,405.0,F,SOff,-0.01,N,N,N,33.93,952.95,7.65,17:32:42,0.0,0.0,-0.0,3.0,-5.19,-2.29,ST
1008.0,0:7:34,406.0,F,SOff,-0.03,N,N,N,33.95,952.95,7.67,17:32:43,0.0,0.0,-0.0,3.0,-5.55,-2.31,ST
1008.0,0:7:35,407.0,F,SOff,-0.05,N,N,N,33.96,952.96,7.67,17:32:44,0.0,0.0,-0.0,3.0,-4.74,-2.86,ST
1008.0,0:7:36,408.0,F,SOff,-0.07,N,N,N,33.98,952.96,7.65,17:32:45,0.0,0.0,-0.0,3.0,-4.68,-0.64,ST
1008.0,0:7:37,409.0,F,SOff,-0.13,N,N,N,33.99,952.97,7.65,17:32:46,0.0,0.0,-0.0,3.0,-3.91,-1.68,ST
1008.0,0:7:38,410.0,F,SOff,-0.12,N,N,N,34.0,952.96,7.67,17:32:47,0.0,0.0,-0.0,3.0,-5.08,-0.9,ST
1008.0,0:7:39,411.0,F,SOff,-0.21,N,N,N,34.02,952.97,7.65,17:32:48,0.0,0.0,-0.0,4.0,-5.13,-2.83,ST
1008.0,0:7:40,412.0,F,SOff,-0.27,N,N,N,34.03,952.98,7.67,17:32:49,0.0,0.0,-0.0,4.0,-5.9,-1.17,ST
1008.0,0:7:41,413.0,F,SOff,-0.35,N,N,N,34.05,952.99,7.67,17:32:49,0.0,0.0,-0.0,4.0,-5.75,-2.14,ST
1008.0,0:7:42,414.0,F,SOff,-0.38,N,N,N,34.06,952.99,7.65,17:32:51,0.0,0.0,-0.0,4.0,-4.86,-1.73,ST
1008.0,0:7:43,415.0,F,SOff,-0.42,N,N,N,34.07,953.0,7.65,17:32:52,0.0,0.0,-0.0,4.0,-5.66,-1.6,ST
1008.0,0:7:44,416.0,F,SOff,-0.44,N,N,N,34.08,953.0,7.67,17:32:53,0.0,0.0,-0.0,4.0,-5.19,-2.9,ST
1008.0,0:7:45,417.0,F,SOff,-0.44,N,N,N,34.1,953.0,7.65,17:32:54,0.0,0.0,-0.0,4.0,-5.71,-2.18,ST
1008.0,0:7:46,418.0,F,SOff,-0.44,N,N,N,34.11,953.0,7.65,17:32:55,0.0,0.0,-0.0,4.0,-6.02,-2.45,ST
1008.0,0:7:47,419.0,F,SOff,-0.5,N,N,N,34.12,953.01,7.65,17:32:56,0.0,0.0,-0.0,4.0,-5.28,-2.59,ST
1008.0,0:7:48,420.0,F,SOff,-0.54,N,N,N,34.14,953.01,7.65,17:32:57,0.0,0.0,-0.0,4.0,-6.3,-2.23,ST
1008.0,0:8:25,0.0,F,SOff,0.37,N,N,N,34.56,952.99,7.67,17:33:35,0.0,0.0,-0.0,4.0,-4.89,-2.35,ST
1008.0,0:8:26,1.0,F,SOff,0.34,N,N,N,34.57,953.0,7.67,17:33:36,0.0,0.0,-0.0,4.0,-5.61,-2.04,ST
1008.0,0:8:27,2.0,F,SOff,0.33,N,N,N,34.59,953.0,7.69,17:33:37,0.0,0.0,-0.0,4.0,-5.05,-1.47,ST
1008.0,0:8:28,3.0,F,SOff,0.36,N,N,N,34.6,952.99,7.65,17:33:38,0.0,0.0,-0.0,4.0,-5.35,-1.94,ST
1008.0,0:8:29,4.0,F,SOff,0.35,N,N,N,34.62,953.0,7.65,17:33:39,0.0,0.0,-0.0,4.0,-5.7,-1.77,ST
1008.0,0:8:30,5.0,F,SOff,0.31,N,N,N,34.63,953.0,7.65,17:33:40,0.0,0.0,-0.0,4.0,-4.43,-2.63,ST
1008.0,0:8:31,6.0,F,SOff,0.29,N,N,N,34.64,953.0,7.65,17:33:41,0.0,0.0,-0.0,4.0,-5.33,-1.57,ST
1008.0,0:8:32,7.0,F,SOff,0.31,N,N,N,34.65,953.0,7.67,17:33:42,0.0,0.0,-0.0,4.0,-4.46,-1.91,ST
1008.0,0:8:33,8.0,F,SOff,0.29,N,N,N,34.66,953.0,7.67,17:33:43,0.0,0.0,-0.0,4.0,-5.63,-2.47,ST
1008.0,0:8:34,9.0,F,SOff,0.26,N,N,N,34.68,953.01,7.67,17:33:44,0.0,0.0,-0.0,4.0,-4.96,-2.56,ST
1008.0,0:8:35,10.0,F,SOff,0.28,N,N,N,34.69,953.0,7.67,17:33:45,0.0,0.0,-0.0,4.0,-6.56,-1.24,ST
1008.0,0:8:36,11.0,F,SOff,0.25,N,N,N,34.71,953.01,7.67,17:33:46,0.0,0.0,-0.0,4.0,-4.72,-3.33,ST
1008.0,0:8:37,12.0,F,SOff,0.2,N,N,N,34.72,953.01,7.65,17:33:47,0.0,0.0,-0.0,4.0,-5.78,-0.77,ST
1008.0,0:8:38,13.0,F,SOff,0.11,N,N,N,34.73,953.02,7.65,17:33:48,0.0,0.0,-0.0,4.0,-4.39,-1.85,ST
1008.0,0:8:39,14.0,F,SOff,0.04,N,N,N,34.74,953.03,7.67,17:33:49,0.0,0.0,-0.0,4.0,-4.79,-1.45,ST
1008.0,0:8:40,15.0,F,SOff,0.02,N,N,N,34.75,953.03,7.63,17:33:50,552.8,37.12,-80.35,4.0,-5.74,-1.38,ST
1008.0,0:8:41,16.0,F,SOff,-0.0,N,N,N,34.76,953.03,7.67,17:33:51,552.8,37.12,-80.35,4.0,-5.72,-1.83,ST
1008.0,0:8:42,17.0,F,SOff,-0.0,N,N,N,34.78,953.04,7.67,17:33:52,552.8,37.12,-80.35,4.0,-4.47,-2.08,ST
1008.0,0:8:43,18.0,F,SOff,0.01,N,N,N,34.79,953.03,7.67,17:33:53,552.7,37.12,-80.35,4.0,-5.07,-0.45,ST
1008.0,0:8:44,19.0,F,SOff,-0.03,N,N,N,34.8,953.04,7.67,17:33:54,552.7,37.12,-80.35,4.0,-4.74,-0.34,ST
1008.0,0:8:45,20.0,F,SOff,-0.02,N,N,N,34.82,953.04,7.65,17:33:55,552.6,37.12,-80.35,4.0,-5.87,-1.25,ST
1008.0,0:8:46,21.0,F,SOff,-0.01,N,N,N,34.83,953.04,7.65,17:33:56,552.5,37.12,-80.35,4.0,-6.15,-2.29,ST
1008.0,0:8:47,22.0,F,SOff,-0.04,N,N,N,34.84,953.04,7.69,17:33:57,552.6,37.12,-80.35,4.0,-5.14,-2.06,ST
1008.0,0:8:48,23.0,F,SOff,-0.08,N,N,N,34.85,953.04,7.67,17:33:58,552.6,37.12,-80.35,4.0,-5.07,-2.69,ST
1008.0,0:8:49,24.0,F,SOff,-0.08,N,N,N,34.86,953.04,7.67,17:33:59,552.5,37.12,-80.35,4.0,-6.46,-2.07,ST
1008.0,0:8:50,25.0,F,SOff,-0.09,N,N,N,34.87,953.04,7.67,17:34:0,552.4,37.12,-80.35,4.0,-4.7,-1.78,ST
1008.0,0:8:51,26.0,F,SOff,-0.06,N,N,N,34.88,953.04,7.67,17:34:1,552.3,37.12,-80.35,4.0,-5.27,-1.94,ST
1008.0,0:8:52,27.0,F,SOff,-0.02,N,N,N,34.9,953.04,7.65,17:34:2,552.2,37.12,-80.35,4.0,-5.2,-2.1,ST
1008.0,0:8:53,28.0,F,SOff,-0.0,N,N,N,34.91,953.03,7.65,17:34:3,552.1,37.12,-80.35,4.0,-5.01,-1.92,ST
1008.0,0:8:54,29.0,F,SOff,0.02,N,N,N,34.92,953.03,7.67,17:34:4,552.0,37.12,-80.35,4.0,-5.43,-2.21,ST
1008.0,0:8:55,30.0,F,SOff,0.01,N,N,N,34.93,953.03,7.67,17:34:5,551.9,37.12,-80.35,4.0,-4.67,-1.65,ST
1008.0,0:8:56,31.0,F,SOff,0.02,N,N,N,34.94,953.03,7.65,17:34:6,551.9,37.12,-80.35,4.0,-5.44,-1.91,ST
1008.0,0:8:57,32.0,F,SOff,0.02,N,N,N,34.95,953.03,7.67,17:34:7,551.8,37.12,-80.35,4.0,-5.13,-2.28,ST
1008.0,0:8:58,33.0,F,SOff,0.02,N,N,N,34.97,953.03,7.67,17:34:8,551.7,37.12,-80.35,4.0,-5.33,-1.35,ST
1008.0,0:8:59,34.0,F,SOff,0.04,N,N,N,34.98,953.03,7.67,17:34:9,551.6,37.12,-80.35,4.0,-4.8,-2.27,ST
1008.0,0:9:0,35.0,F,SOff,0.05,N,N,N,34.99,953.03,7.67,17:34:10,551.5,37.12,-80.35,4.0,-5.48,-2.26,ST
1008.0,0:9:1,36.0,F,SOff,0.11,N,N,N,35.0,953.02,7.65,17:34:11,551.4,37.12,-80.35,4.0,-5.41,-2.82,ST
1008.0,0:9:2,37.0,F,SOff,0.12,N,N,N,35.01,953.02,7.63,17:34:12,551.3,37.12,-80.35,4.0,-5.69,-1.97,ST
1008.0,0:9:3,38.0,F,SOff,0.14,N,N,N,35.02,953.02,7.67,17:34:13,551.2,37.12,-80.35,4.0,-4.53,-2.4,ST
1008.0,0:9:4,39.0,F,SOff,0.15,N,N,N,35.03,953.02,7.67,17:34:14,551.1,37.12,-80.35,4.0,-5.94,-3.07,ST
1008.0,0:9:5,40.0,F,SOff,0.11,N,N,N,35.04,953.02,7.67,17:34:15,551.0,37.12,-80.35,4.0,-6.15,-2.06,ST
1008.0,0:9:6,41.0,F,SOff,0.07,N,N,N,35.05,953.03,7.65,17:34:16,550.9,37.12,-80.35,4.0,-4.88,-2.35,ST
1008.0,0:9:7,42.0,F,SOff,0.02,N,N,N,35.07,953.03,7.65,17:34:17,550.8,37.12,-80.35,4.0,-5.94,-3.22,ST
1008.0,0:9:8,43.0,F,SOff,-0.03,N,N,N,35.08,953.04,7.65,17:34:18,550.8,37.12,-80.35,4.0,-5.54,-2.37,ST
1008.0,0:9:9,44.0,F,SOff,-0.03,N,N,N,35.09,953.04,7.67,17:34:19,550.7,37.12,-80.35,4.0,-5.74,-1.92,ST
1008.0,0:9:10,45.0,F,SOff,0.02,N,N,N,35.1,953.03,7.65,17:34:20,550.7,37.12,-80.35,4.0,-5.43,-2.14,ST
1008.0,0:9:11,46.0,F,SOff,0.02,N,N,N,35.11,953.03,7.65,17:34:21,550.6,37.12,-80.35,4.0,-5.72,-2.06,ST
1008.0,0:9:12,47.0,F,SOff,0.09,N,N,N,35.12,953.02,7.65,17:34:22,550.6,37.12,-80.35,4.0,-5.63,-2.32,ST
1008.0,0:9:13,48.0,F,SOff,0.13,N,N,N,35.13,953.02,7.67,17:34:23,550.5,37.12,-80.35,4.0,-5.66,-2.35,ST
1008.0,0:9:14,49.0,F,SOff,0.21,N,N,N,35.14,953.01,7.63,17:34:24,550.5,37.12,-80.35,4.0,-5.02,-2.48,ST
1008.0,0:9:15,50.0,F,SOff,0.24,N,N,N,35.15,953.01,7.63,17:34:25,550.4,37.12,-80.35,4.0,-5.72,-2.16,ST
1008.0,0:9:16,51.0,F,SOff,0.31,N,N,N,35.16,953.0,7.67,17:34:26,550.3,37.12,-80.35,4.0,-5.17,-2.66,ST
1008.0,0:9:17,52.0,F,SOff,0.37,N,N,N,35.17,952.99,7.67,17:34:27,550.3,37.12,-80.35,4.0,-5.51,-2.39,ST
1008.0,0:9:18,53.0,F,SOff,0.42,N,N,N,35.18,952.99,7.67,17:34:28,550.2,37.12,-80.35,4.0,-5.61,-2.03,ST
1008.0,0:9:19,54.0,F,SOff,0.47,N,N,N,35.19,952.98,7.65,17:34:29,550.2,37.12,-80.35,4.0,-4.74,-1.93,ST
1008.0,0:9:20,55.0,F,SOff,0.56,N,N,N,35.2,952.97,7.67,17:34:30,550.1,37.12,-80.35,4.0,-5.21,-1.78,ST
1008.0,0:9:21,56.0,F,SOff,0.59,N,N,N,35.21,952.97,7.67,17:34:31,550.1,37.12,-80.35,4.0,-4.86,-1.95,ST
1008.0,0:9:22,57.0,F,SOff,0.63,N,N,N,35.22,952.96,7.67,17:34:32,550.1,37.12,-80.35,4.0,-5.64,-1.94,ST
1008.0,0:9:23,58.0,F,SOff,0.71,N,N,N,35.23,952.95,7.65,17:34:33,550.1,37.12,-80.35,4.0,-5.65,-2.23,ST
1008.0,0:9:24,59.0,F,SOff,0.7,N,N,N,35.25,952.96,7.67,17:34:34,550.0,37.12,-80.35,4.0,-4.47,-2.46,ST
1008.0,0:9:25,60.0,F,SOff,0.75,N,N,N,35.26,952.95,7.67,17:34:35,550.0,37.12,-80.35,4.0,-5.82,-2.15,ST
1008.0,0:9:26,61.0,F,SOff,0.74,N,N,N,35.26,952.95,7.67,17:34:36,550.0,37.12,-80.35,4.0,-5.23,-2.38,ST
1008.0,0:9:27,62.0,F,SOff,0.76,N,N,N,35.27,952.95,7.67,17:34:37,549.9,37.12,-80.35,4.0,-4.55,-2.26,ST
1008.0,0:9:28,63.0,F,SOff,0.71,N,N,N,35.29,952.95,7.67,17:34:38,549.9,37.12,-80.35,4.0,-6.81,-1.43,ST
1008.0,0:9:29,64.0,F,SOff,0.71,N,N,N,35.3,952.95,7.65,17:34:39,549.9,37.12,-80.35,4.0,-4.92,-2.1,ST
1008.0,0:9:30,65.0,F,SOff,0.69,N,N,N,35.31,952.96,7.65,17:34:40,549.8,37.12,-80.35,4.0,-5.37,-2.11,ST
1008.0,0:9:31,66.0,F,SOff,0.72,N,N,N,35.32,952.95,7.65,17:34:41,549.7,37.12,-80.35,4.0,-5.39,-2.52,ST
1008.0,0:9:32,67.0,F,SOff,0.7,N,N,N,35.33,952.96,7.67,17:34:42,549.6,37.12,-80.35,4.0,-5.02,-2.28,ST
1008.0,0:9:33,68.0,F,SOff,0.69,N,N,N,35.34,952.96,7.67,17:34:43,549.5,37.12,-80.35,4.0,-5.41,-1.76,ST
1008.0,0:9:34,69.0,F,SOff,0.68,N,N,N,35.34,952.96,7.67,17:34:44,549.4,37.12,-80.35,4.0,-5.36,-1.17,ST
1008.0,0:9:35,70.0,F,SOff,0.68,N,N,N,35.35,952.96,7.67,17:34:45,549.3,37.12,-80.35,4.0,-5.26,-1.68,ST
1008.0,0:9:36,71.0,F,SOff,0.65,N,N,N,35.37,952.96,7.65,17:34:46,549.2,37.12,-80.35,4.0,-5.34,-2.38,ST
1008.0,0:9:37,72.0,F,SOff,0.65,N,N,N,35.38,952.96,7.67,17:34:47,549.1,37.12,-80.35,4.0,-5.21,-2.23,ST
1008.0,0:9:38,73.0,F,SOff,0.68,N,N,N,35.39,952.96,7.65,17:34:48,549.0,37.12,-80.35,4.0,-5.33,-2.61,ST
1008.0,0:9:39,74.0,F,SOff,0.68,N,N,N,35.4,952.96,7.67,17:34:49,548.9,37.12,-80.35,4.0,-5.64,-2.37,ST
1008.0,0:9:40,75.0,F,SOff,0.66,N,N,N,35.41,952.96,7.65,17:34:50,548.9,37.12,-80.35,4.0,-5.51,-2.49,ST
1008.0,0:9:41,76.0,F,SOff,0.65,N,N,N,35.42,952.96,7.67,17:34:51,548.8,37.12,-80.35,4.0,-5.64,-1.86,ST
1008.0,0:9:42,77.0,F,SOff,0.62,N,N,N,35.43,952.96,7.67,17:34:52,548.8,37.12,-80.35,4.0,-5.44,-2.36,ST
1008.0,0:9:43,78.0,F,SOff,0.63,N,N,N,35.44,952.96,7.67,17:34:53,548.7,37.12,-80.35,4.0,-5.59,-2.29,ST
1008.0,0:9:44,79.0,F,SOff,0.64,N,N,N,35.44,952.96,7.67,17:34:54,548.6,37.12,-80.35,4.0,-5.36,-2.22,ST
1008.0,0:9:45,80.0,F,SOff,0.63,N,N,N,35.45,952.96,7.67,17:34:55,548.5,37.12,-80.35,4.0,-5.48,-2.23,ST
1008.0,0:9:46,81.0,F,SOff,0.58,N,N,N,35.47,952.97,7.67,17:34:56,548.4,37.12,-80.35,4.0,-5.97,-2.34,ST
1008.0,0:9:47,82.0,F,SOff,0.6,N,N,N,35.48,952.97,7.67,17:34:57,548.4,37.12,-80.35,4.0,-5.57,-2.59,ST
1008.0,0:9:49,84.0,F,SOff,0.57,N,N,N,35.49,952.97,7.67,17:34:59,548.3,37.12,-80.35,4.0,-5.3,-1.97,ST
1008.0,0:9:50,85.0,F,SOff,0.59,N,N,N,35.5,952.97,7.67,17:35:0,548.3,37.12,-80.35,4.0,-5.77,-1.78,ST
1008.0,0:9:51,86.0,F,SOff,0.59,N,N,N,35.51,952.97,7.65,17:35:1,548.3,37.12,-80.35,4.0,-5.74,-2.09,ST
1008.0,0:9:52,87.0,F,SOff,0.57,N,N,N,35.52,952.97,7.67,17:35:2,548.3,37.12,-80.35,4.0,-5.87,-2.16,ST
1008.0,0:9:53,88.0,F,SOff,0.59,N,N,N,35.53,952.97,7.67,17:35:3,548.3,37.12,-80.35,4.0,-5.63,-2.28,ST
1008.0,0:9:54,89.0,F,SOff,0.59,N,N,N,35.54,952.97,7.67,17:35:4,548.3,37.12,-80.35,4.0,-5.67,-2.43,ST
1008.0,0:9:55,90.0,F,SOff,0.54,N,N,N,35.56,952.97,7.65,17:35:5,548.2,37.12,-80.35,4.0,-5.34,-2.48,ST
1008.0,0:9:56,91.0,F,SOff,0.51,N,N,N,35.56,952.98,7.65,17:35:6,548.2,37.12,-80.35,4.0,-5.75,-2.42,ST
1008.0,0:9:57,92.0,F,SOff,0.51,N,N,N,35.57,952.98,7.63,17:35:7,548.2,37.12,-80.35,4.0,-5.52,-2.75,ST
1008.0,0:9:58,93.0,F,SOff,0.45,N,N,N,35.58,952.98,7.67,17:35:8,548.2,37.12,-80.35,4.0,-5.44,-2.45,ST
1008.0,0:9:59,94.0,F,SOff,0.43,N,N,N,35.59,952.99,7.65,17:35:9,548.2,37.12,-80.35,4.0,-6.57,-1.82,ST
1008.0,0:10:0,95.0,F,SOff,0.43,N,N,N,35.6,952.99,7.67,17:35:10,548.2,37.12,-80.35,4.0,-4.99,-1.82,ST
1008.0,0:10:1,96.0,F,SOff,0.45,N,N,N,35.61,952.98,7.65,17:35:11,548.2,37.12,-80.35,4.0,-5.47,-2.37,ST
1008.0,0:10:2,97.0,F,SOff,0.42,N,N,N,35.62,952.99,7.65,17:35:12,548.2,37.12,-80.35,4.0,-6.37,-1.75,ST
1008.0,0:10:3,98.0,F,SOff,0.42,N,N,N,35.63,952.99,7.65,17:35:13,548.2,37.12,-80.35,4.0,-5.27,-2.82,ST
1008.0,0:10:4,99.0,F,SOff,0.39,N,N,N,35.64,952.99,7.67,17:35:14,548.2,37.12,-80.35,4.0,-6.74,-1.81,ST
1008.0,0:10:5,100.0,F,SOff,0.4,N,N,N,35.65,952.99,7.67,17:35:15,548.1,37.12,-80.35,4.0,-5.29,-3.22,ST
1008.0,0:10:6,101.0,F,SOff,0.37,N,N,N,35.66,952.99,7.67,17:35:16,548.1,37.12,-80.35,4.0,-6.61,-1.59,ST
1008.0,0:10:7,102.0,F,SOff,0.35,N,N,N,35.67,952.99,7.67,17:35:17,548.1,37.12,-80.35,4.0,-4.84,-2.37,ST
1008.0,0:10:8,103.0,F,SOff,0.32,N,N,N,35.68,953.0,7.65,17:35:18,548.1,37.12,-80.35,4.0,-6.16,-2.15,ST
1008.0,0:10:9,104.0,F,SOff,0.25,N,N,N,35.69,953.01,7.63,17:35:19,548.1,37.12,-80.35,4.0,-5.4,-1.94,ST
1008.0,0:10:10,105.0,F,SOff,0.23,N,N,N,35.7,953.01,7.65,17:35:20,548.1,37.12,-80.35,4.0,-5.4,-2.25,ST
1008.0,0:10:11,106.0,F,SOff,0.25,N,N,N,35.71,953.01,7.65,17:35:21,548.1,37.12,-80.35,4.0,-6.17,-1.83,ST
1008.0,0:10:12,107.0,F,SOff,0.28,N,N,N,35.72,953.0,7.67,17:35:22,548.1,37.12,-80.35,4.0,-5.13,-2.12,ST
1008.0,0:10:13,108.0,F,SOff,0.27,N,N,N,35.72,953.0,7.67,17:35:23,548.1,37.12,-80.35,4.0,-5.61,-2.07,ST
1008.0,0:10:14,109.0,F,SOff,0.26,N,N,N,35.73,953.01,7.63,17:35:24,548.1,37.12,-80.35,4.0,-4.97,-1.75,ST
1008.0,0:10:15,110.0,F,SOff,0.2,N,N,N,35.74,953.01,7.65,17:35:25,548.1,37.12,-80.35,4.0,-5.7,-1.86,ST
1008.0,0:10:16,111.0,F,SOff,0.17,N,N,N,35.75,953.02,7.67,17:35:26,548.1,37.12,-80.35,4.0,-4.69,-1.73,ST
1008.0,0:10:17,112.0,F,SOff,0.15,N,N,N,35.76,953.02,7.67,17:35:27,548.1,37.12,-80.35,4.0,-5.82,-1.61,ST
1008.0,0:10:18,113.0,F,SOff,0.15,N,N,N,35.77,953.02,7.65,17:35:28,548.1,37.12,-80.35,4.0,-5.13,-2.12,ST
1008.0,0:10:19,114.0,F,SOff,0.15,N,N,N,35.78,953.02,7.65,17:35:29,548.0,37.12,-80.35,4.0,-5.95,-2.06,ST
1008.0,0:10:20,115.0,F,SOff,0.14,N,N,N,35.79,953.02,7.67,17:35:30,548.0,37.12,-80.35,4.0,-4.52,-2.03,ST
1008.0,0:10:21,116.0,F,SOff,0.14,N,N,N,35.79,953.02,7.65,17:35:31,548.0,37.12,-80.35,4.0,-5.73,-1.78,ST
1008.0,0:10:22,117.0,F,SOff,0.15,N,N,N,35.8,953.02,7.67,17:35:32,548.0,37.12,-80.35,4.0,-4.67,-2.19,ST
1008.0,0:10:23,118.0,F,SOff,0.15,N,N,N,35.81,953.02,7.65,17:35:33,547.9,37.12,-80.35,4.0,-5.85,-2.34,ST
1008.0,0:10:24,119.0,F,SOff,0.15,N,N,N,35.82,953.02,7.65,17:35:34,547.9,37.12,-80.35,4.0,-5.44,-1.75,ST
1008.0,0:10:25,120.0,F,SOff,0.15,N,N,N,35.83,953.02,7.65,17:35:35,547.9,37.12,-80.35,4.0,-5.55,-2.45,ST
1008.0,0:10:26,121.0,F,SOff,0.2,N,N,N,35.84,953.01,7.65,17:35:36,547.9,37.12,-80.35,4.0,-5.67,-2.37,ST
1008.0,0:10:27,122.0,F,SOff,0.2,N,N,N,35.85,953.01,7.67,17:35:37,547.9,37.12,-80.35,4.0,-5.65,-2.18,ST
1008.0,0:10:28,123.0,F,SOff,0.21,N,N,N,35.86,953.01,7.65,17:35:38,547.9,37.12,-80.35,4.0,-5.73,-2.1,ST
1008.0,0:10:29,124.0,F,SOff,0.24,N,N,N,35.87,953.01,7.65,17:35:39,547.9,37.12,-80.35,4.0,-5.6,-1.78,ST
1008.0,0:10:30,125.0,F,SOff,0.29,N,N,N,35.88,953.0,7.67,17:35:40,547.8,37.12,-80.35,4.0,-6.37,-2.85,ST
1008.0,0:10:31,126.0,F,SOff,0.29,N,N,N,35.89,953.0,7.65,17:35:41,547.8,37.12,-80.35,4.0,-5.07,-2.43,ST
1008.0,0:10:32,127.0,F,SOff,0.31,N,N,N,35.9,953.0,7.65,17:35:42,547.7,37.12,-80.35,4.0,-6.0,-1.87,ST
1008.0,0:10:33,128.0,F,SOff,0.36,N,N,N,35.9,952.99,7.67,17:35:43,547.7,37.12,-80.35,4.0,-5.98,-2.18,ST
1008.0,0:10:34,129.0,F,SOff,0.33,N,N,N,35.91,953.0,7.67,17:35:44,547.6,37.12,-80.35,4.0,-4.89,-2.94,ST
1008.0,0:10:35,130.0,F,SOff,0.34,N,N,N,35.92,953.0,7.67,17:35:45,547.6,37.12,-80.35,4.0,-6.0,-2.1,ST
1008.0,0:10:36,131.0,F,SOff,0.35,N,N,N,35.93,952.99,7.67,17:35:46,547.6,37.12,-80.35,4.0,-5.22,-2.32,ST
1008.0,0:10:37,132.0,F,SOff,0.34,N,N,N,35.94,953.0,7.67,17:35:47,547.5,37.12,-80.35,4.0,-6.15,-2.5,ST
1008.0,0:10:38,133.0,F,SOff,0.31,N,N,N,35.95,953.0,7.67,17:35:48,547.5,37.12,-80.35,4.0,-5.72,-2.31,ST
1008.0,0:10:39,134.0,F,SOff,0.34,N,N,N,35.96,953.0,7.67,17:35:49,547.5,37.12,-80.35,4.0,-6.12,-1.65,ST
1008.0,0:10:40,135.0,F,SOff,0.33,N,N,N,35.97,953.0,7.65,17:35:50,547.5,37.12,-80.35,4.0,-5.45,-2.0,ST
1008.0,0:10:41,136.0,F,SOff,0.31,N,N,N,35.98,953.0,7.67,17:35:51,547.4,37.12,-80.35,4.0,-6.29,-2.26,ST
1008.0,0:10:42,137.0,F,SOff,0.35,N,N,N,35.99,953.0,7.67,17:35:52,547.4,37.12,-80.35,4.0,-5.36,-2.77,ST
1008.0,0:10:43,138.0,F,SOff,0.35,N,N,N,36.0,953.0,7.67,17:35:53,547.3,37.12,-80.35,4.0,-6.05,-2.13,ST
1008.0,0:10:44,139.0,F,SOff,0.39,N,N,N,36.0,952.99,7.65,17:35:54,547.4,37.12,-80.35,4.0,-5.46,-2.23,ST
1008.0,0:10:45,140.0,F,SOff,0.41,N,N,N,36.01,952.99,7.65,17:35:55,547.4,37.12,-80.35,4.0,-6.0,-2.5,ST
1008.0,0:10:46,141.0,F,SOff,0.39,N,N,N,36.02,952.99,7.65,17:35:56,547.4,37.12,-80.35,4.0,-6.01,-2.08,ST
1008.0,0:10:47,142.0,F,SOff,0.41,N,N,N,36.03,952.99,7.65,17:35:57,547.4,37.12,-80.35,4.0,-5.65,-2.24,ST
1008.0,0:10:48,143.0,F,SOff,0.41,N,N,N,36.04,952.99,7.65,17:35:58,547.4,37.12,-80.35,4.0,-6.06,-2.5,ST
1008.0,0:10:49,144.0,F,SOff,0.41,N,N,N,36.05,952.99,7.65,17:35:59,547.5,37.12,-80.35,4.0,-5.77,-1.9,ST
1008.0,0:10:50,145.0,F,SOff,0.43,N,N,N,36.05,952.99,7.65,17:36:0,547.5,37.12,-80.35,4.0,-5.67,-2.13,ST
1008.0,0:10:51,146.0,F,SOff,0.43,N,N,N,36.06,952.99,7.63,17:36:1,547.5,37.12,-80.35,4.0,-5.81,-2.01,ST
1008.0,0:10:52,147.0,F,SOff,0.42,N,N,N,36.07,952.99,7.65,17:36:2,547.6,37.12,-80.35,4.0,-5.85,-2.31,ST
1008.0,0:10:53,148.0,F,SOff,0.41,N,N,N,36.08,952.99,7.67,17:36:3,547.6,37.12,-80.35,4.0,-5.48,-2.03,ST
1008.0,0:10:54,149.0,F,SOff,0.39,N,N,N,36.09,952.99,7.67,17:36:4,547.6,37.12,-80.35,4.0,-5.85,-1.91,ST
1008.0,0:10:55,150.0,F,SOff,0.41,N,N,N,36.1,952.99,7.65,17:36:5,547.6,37.12,-80.35,4.0,-5.71,-2.23,ST
1008.0,0:10:56,151.0,F,SOff,0.39,N,N,N,36.11,952.99,7.65,17:36:6,547.6,37.12,-80.35,4.0,-5.53,-2.18,ST
1008.0,0:10:57,152.0,F,SOff,0.36,N,N,N,36.12,952.99,7.67,17:36:7,547.5,37.12,-80.35,4.0,-5.9,-2.39,ST
1008.0,0:10:58,153.0,F,SOff,0.38,N,N,N,36.12,952.99,7.67,17:36:8,547.4,37.12,-80.35,4.0,-5.76,-2.28,ST
1008.0,0:10:59,154.0,F,SOff,0.37,N,N,N,36.13,952.99,7.65,17:36:9,547.4,37.12,-80.35,4.0,-5.77,-2.12,ST
1008.0,0:11:0,155.0,F,SOff,0.36,N,N,N,36.14,952.99,7.63,17:36:10,547.2,37.12,-80.35,4.0,-6.08,-2.17,ST
1008.0,0:11:1,156.0,F,SOff,0.37,N,N,N,36.14,952.99,7.63,17:36:11,547.2,37.12,-80.35,4.0,-5.66,-2.18,ST
1008.0,0:11:2,157.0,F,SOff,0.36,N,N,N,36.15,952.99,7.67,17:36:12,547.1,37.12,-80.35,4.0,-5.6,-2.24,ST
1008.0,0:11:3,158.0,F,SOff,0.35,N,N,N,36.16,953.0,7.65,17:36:13,547.1,37.12,-80.35,4.0,-5.49,-2.39,ST
1008.0,0:11:4,159.0,F,SOff,0.35,N,N,N,36.17,953.0,7.63,17:36:14,547.0,37.12,-80.35,4.0,-6.25,-1.94,ST
1008.0,0:11:5,160.0,F,SOff,0.34,N,N,N,36.18,953.0,7.67,17:36:15,547.0,37.12,-80.35,4.0,-5.58,-2.27,ST
1008.0,0:11:6,161.0,F,SOff,0.31,N,N,N,36.19,953.0,7.67,17:36:16,546.9,37.12,-80.35,4.0,-6.01,-2.1,ST
1008.0,0:11:7,162.0,F,SOff,0.3,N,N,N,36.2,953.0,7.67,17:36:17,546.8,37.12,-80.35,4.0,-5.59,-2.36,ST
1008.0,0:11:8,163.0,F,SOff,0.27,N,N,N,36.21,953.0,7.67,17:36:18,546.7,37.12,-80.35,4.0,-5.78,-2.05,ST
1008.0,0:11:9,164.0,F,SOff,0.26,N,N,N,36.22,953.01,7.67,17:36:19,546.7,37.12,-80.35,4.0,-5.85,-2.16,ST
1008.0,0:11:10,165.0,F,SOff,0.26,N,N,N,36.22,953.0,7.65,17:36:20,546.6,37.12,-80.35,4.0,-5.52,-1.85,ST
1008.0,0:11:11,166.0,F,SOff,0.25,N,N,N,36.23,953.01,7.63,17:36:21,546.4,37.12,-80.35,4.0,-5.72,-1.9,ST
1008.0,0:11:12,167.0,F,SOff,0.25,N,N,N,36.24,953.01,7.65,17:36:22,546.3,37.12,-80.35,4.0,-5.27,-2.14,ST
1008.0,0:11:13,168.0,F,SOff,0.24,N,N,N,36.25,953.01,7.67,17:36:23,546.2,37.12,-80.35,4.0,-5.43,-2.0,ST
1008.0,0:11:14,169.0,F,SOff,0.2,N,N,N,36.26,953.01,7.67,17:36:24,546.0,37.12,-80.35,4.0,-5.6,-1.97,ST
1008.0,0:11:15,170.0,F,SOff,0.2,N,N,N,36.27,953.01,7.63,17:36:25,545.9,37.12,-80.35,4.0,-5.85,-2.07,ST
1008.0,0:11:16,171.0,F,SOff,0.24,N,N,N,36.27,953.01,7.65,17:36:26,545.8,37.12,-80.35,4.0,-5.54,-2.07,ST
1008.0,0:11:17,172.0,F,SOff,0.24,N,N,N,36.28,953.01,7.65,17:36:27,545.7,37.12,-80.35,4.0,-6.43,-2.42,ST
1008.0,0:11:18,173.0,F,SOff,0.22,N,N,N,36.29,953.01,7.65,17:36:28,545.6,37.12,-80.35,4.0,-5.69,-2.23,ST
1008.0,0:11:19,174.0,F,SOff,0.24,N,N,N,36.3,953.01,7.63,17:36:29,545.5,37.12,-80.35,4.0,-5.64,-2.43,ST
1008.0,0:11:20,175.0,F,SOff,0.21,N,N,N,36.31,953.01,7.67,17:36:30,545.4,37.12,-80.35,4.0,-6.0,-2.24,ST
1008.0,0:11:21,176.0,F,SOff,0.22,N,N,N,36.32,953.01,7.65,17:36:31,545.3,37.12,-80.35,4.0,-5.65,-1.94,ST
1008.0,0:11:22,177.0,F,SOff,0.25,N,N,N,36.33,953.01,7.65,17:36:32,545.3,37.12,-80.35,4.0,-5.8,-2.35,ST
1008.0,0:11:23,178.0,F,SOff,0.24,N,N,N,36.33,953.01,7.63,17:36:33,545.2,37.12,-80.35,4.0,-5.49,-1.83,ST
1008.0,0:11:24,179.0,F,SOff,0.25,N,N,N,36.34,953.01,7.67,17:36:34,545.2,37.12,-80.35,4.0,-5.65,-1.86,ST
1008.0,0:11:25,180.0,F,SOff,0.25,N,N,N,36.35,953.01,7.65,17:36:35,545.1,37.12,-80.35,4.0,-5.66,-2.05,ST
1008.0,0:11:26,181.0,F,SOff,0.25,N,N,N,36.36,953.01,7.65,17:36:36,545.1,37.12,-80.35,4.0,-5.42,-2.19,ST
1008.0,0:11:27,182.0,F,SOff,0.25,N,N,N,36.37,953.01,7.67,17:36:37,545.0,37.12,-80.35,4.0,-5.76,-2.28,ST
1008.0,0:11:28,183.0,F,SOff,0.27,N,N,N,36.37,953.0,7.67,17:36:38,545.0,37.12,-80.35,4.0,-5.86,-2.33,ST
1008.0,0:11:29,184.0,F,SOff,0.27,N,N,N,36.38,953.0,7.65,17:36:39,545.0,37.12,-80.35,4.0,-5.7,-2.3,ST
1008.0,0:11:30,185.0,F,SOff,0.29,N,N,N,36.39,953.0,7.67,17:36:40,544.9,37.12,-80.35,4.0,-5.93,-1.94,ST
1008.0,0:11:31,186.0,F,SOff,0.3,N,N,N,36.4,953.0,7.63,17:36:41,544.9,37.12,-80.35,4.0,-5.96,-2.34,ST
1008.0,0:11:32,187.0,F,SOff,0.34,N,N,N,36.4,953.0,7.65,17:36:42,544.8,37.12,-80.35,4.0,-5.51,-2.26,ST
1008.0,0:11:33,188.0,F,SOff,0.34,N,N,N,36.41,953.0,7.65,17:36:43,544.7,37.12,-80.35,4.0,-5.52,-2.0,ST
1008.0,0:11:34,189.0,F,SOff,0.36,N,N,N,36.42,952.99,7.67,17:36:44,544.6,37.12,-80.35,4.0,-6.11,-2.03,ST
1008.0,0:11:35,190.0,F,SOff,0.36,N,N,N,36.43,952.99,7.65,17:36:45,544.5,37.12,-80.35,4.0,-5.03,-2.16,ST
1008.0,0:11:36,191.0,F,SOff,0.36,N,N,N,36.44,952.99,7.67,17:36:46,544.4,37.12,-80.35,4.0,-6.42,-1.65,ST
1008.0,0:11:37,192.0,F,SOff,0.37,N,N,N,36.45,952.99,7.67,17:36:47,544.4,37.12,-80.35,4.0,-4.72,-2.05,ST
1008.0,0:11:38,193.0,F,SOff,0.39,N,N,N,36.45,952.99,7.65,17:36:48,544.3,37.12,-80.35,4.0,-5.57,-1.9,ST
1008.0,0:11:39,194.0,F,SOff,0.36,N,N,N,36.46,952.99,7.67,17:36:49,544.2,37.12,-80.35,4.0,-5.97,-1.93,ST
1008.0,0:11:40,195.0,F,SOff,0.38,N,N,N,36.47,952.99,7.67,17:36:50,544.1,37.12,-80.35,4.0,-5.08,-2.43,ST
1008.0,0:11:41,196.0,F,SOff,0.42,N,N,N,36.48,952.99,7.65,17:36:51,544.1,37.12,-80.35,4.0,-6.75,-1.8,ST
1008.0,0:11:42,197.0,F,SOff,0.4,N,N,N,36.48,952.99,7.67,17:36:52,544.0,37.12,-80.35,4.0,-5.13,-2.6,ST
1008.0,0:11:43,198.0,F,SOff,0.4,N,N,N,36.49,952.99,7.67,17:36:53,543.9,37.12,-80.35,4.0,-6.22,-1.66,ST
1008.0,0:11:44,199.0,F,SOff,0.45,N,N,N,36.5,952.98,7.69,17:36:54,543.8,37.12,-80.35,4.0,-5.39,-2.45,ST
1008.0,0:11:45,200.0,F,SOff,0.44,N,N,N,36.51,952.99,7.67,17:36:55,543.8,37.12,-80.35,4.0,-6.11,-2.03,ST
1008.0,0:11:46,201.0,F,SOff,0.43,N,N,N,36.52,952.99,7.67,17:36:56,543.7,37.12,-80.35,4.0,-5.96,-2.13,ST
1008.0,0:11:47,202.0,F,SOff,0.45,N,N,N,36.52,952.98,7.65,17:36:57,543.7,37.12,-80.35,4.0,-5.89,-2.68,ST
1008.0,0:11:48,203.0,F,SOff,0.48,N,N,N,36.53,952.98,7.65,17:36:58,543.7,37.12,-80.35,4.0,-5.98,-2.26,ST
1008.0,0:11:49,204.0,F,SOff,0.53,N,N,N,36.54,952.97,7.63,17:36:59,543.6,37.12,-80.35,4.0,-5.92,-2.26,ST
1008.0,0:11:50,205.0,F,SOff,0.56,N,N,N,36.55,952.97,7.65,17:37:0,543.6,37.12,-80.35,4.0,-6.13,-2.25,ST
1008.0,0:11:51,206.0,F,SOff,0.61,N,N,N,36.56,952.97,7.65,17:37:1,543.5,37.12,-80.35,4.0,-7.12,-2.91,ST
1008.0,0:11:52,207.0,F,SOff,0.63,N,N,N,36.57,952.96,7.67,17:37:2,543.4,37.12,-80.35,4.0,-5.87,-2.31,ST
1008.0,0:11:53,208.0,F,SOff,0.67,N,N,N,36.58,952.96,7.67,17:37:3,543.4,37.12,-80.35,4.0,-5.67,-2.1,ST
1008.0,0:11:54,209.0,F,SOff,0.7,N,N,N,36.58,952.96,7.63,17:37:4,543.3,37.12,-80.35,4.0,-5.95,-2.03,ST
1008.0,0:11:55,210.0,F,SOff,0.73,N,N,N,36.59,952.95,7.63,17:37:5,543.2,37.12,-80.35,4.0,-5.85,-2.15,ST
1008.0,0:11:56,211.0,F,SOff,0.73,N,N,N,36.6,952.95,7.65,17:37:6,543.1,37.12,-80.35,4.0,-5.77,-2.11,ST
1008.0,0:11:57,212.0,F,SOff,0.77,N,N,N,36.6,952.95,7.65,17:37:7,543.1,37.12,-80.35,4.0,-5.99,-2.1,ST
1008.0,0:11:58,213.0,F,SOff,0.8,N,N,N,36.61,952.94,7.65,17:37:8,543.0,37.12,-80.35,4.0,-5.89,-2.22,ST
1008.0,0:11:59,214.0,F,SOff,0.8,N,N,N,36.62,952.94,7.65,17:37:9,542.9,37.12,-80.35,4.0,-5.94,-2.24,ST
1008.0,0:12:0,215.0,F,SOff,0.85,N,N,N,36.63,952.94,7.65,17:37:10,542.8,37.12,-80.35,4.0,-5.8,-2.35,ST
1008.0,0:12:1,216.0,F,SOff,0.87,N,N,N,36.64,952.94,7.65,17:37:11,542.7,37.12,-80.35,4.0,-5.92,-2.37,ST
1008.0,0:12:2,217.0,F,SOff,0.86,N,N,N,36.64,952.94,7.65,17:37:12,542.6,37.12,-80.35,4.0,-5.7,-2.43,ST
1008.0,0:12:3,218.0,F,SOff,0.9,N,N,N,36.65,952.93,7.65,17:37:13,542.5,37.12,-80.35,4.0,-5.75,-2.29,ST
1008.0,0:12:4,219.0,F,SOff,0.92,N,N,N,36.66,952.93,7.65,17:37:14,542.5,37.12,-80.35,4.0,-5.81,-1.97,ST
1008.0,0:12:5,220.0,F,SOff,0.91,N,N,N,36.67,952.93,7.65,17:37:15,542.4,37.12,-80.35,4.0,-5.61,-2.07,ST
1008.0,0:12:6,221.0,F,SOff,0.91,N,N,N,36.67,952.93,7.67,17:37:16,542.3,37.12,-80.35,4.0,-5.58,-2.34,ST
1008.0,0:12:7,222.0,F,SOff,0.88,N,N,N,36.68,952.94,7.65,17:37:17,542.2,37.12,-80.35,4.0,-5.73,-1.92,ST
1008.0,0:12:8,223.0,F,SOff,0.9,N,N,N,36.69,952.93,7.67,17:37:18,542.1,37.12,-80.35,4.0,-5.93,-2.33,ST
1008.0,0:12:9,224.0,F,SOff,0.89,N,N,N,36.7,952.93,7.65,17:37:19,542.0,37.12,-80.35,4.0,-5.61,-2.12,ST
1008.0,0:12:10,225.0,F,SOff,0.9,N,N,N,36.7,952.93,7.67,17:37:20,541.9,37.12,-80.35,4.0,-5.76,-2.29,ST
1008.0,0:12:11,226.0,F,SOff,0.89,N,N,N,36.71,952.93,7.65,17:37:21,541.8,37.12,-80.35,4.0,-5.87,-2.13,ST
1008.0,0:12:12,227.0,F,SOff,0.89,N,N,N,36.72,952.93,7.65,17:37:22,541.8,37.12,-80.35,4.0,-5.91,-2.09,ST
1008.0,0:12:13,228.0,F,SOff,0.87,N,N,N,36.73,952.94,7.65,17:37:23,541.7,37.12,-80.35,4.0,-5.7,-2.14,ST
1008.0,0:12:14,229.0,F,SOff,0.85,N,N,N,36.74,952.94,7.65,17:37:24,541.7,37.12,-80.35,4.0,-5.5,-2.03,ST
1008.0,0:12:15,230.0,F,SOff,0.85,N,N,N,36.74,952.94,7.67,17:37:25,541.6,37.12,-80.35,4.0,-5.74,-1.8,ST
1008.0,0:12:16,231.0,F,SOff,0.86,N,N,N,36.75,952.94,7.67,17:37:26,541.6,37.12,-80.35,4.0,-5.83,-2.05,ST
1008.0,0:12:17,232.0,F,SOff,0.85,N,N,N,36.76,952.94,7.65,17:37:27,541.6,37.12,-80.35,4.0,-5.58,-2.33,ST
1008.0,0:12:18,233.0,F,SOff,0.84,N,N,N,36.76,952.94,7.67,17:37:28,541.5,37.12,-80.35,4.0,-5.94,-1.88,ST
1008.0,0:12:19,234.0,F,SOff,0.8,N,N,N,36.77,952.94,7.67,17:37:29,541.5,37.12,-80.35,4.0,-5.58,-1.88,ST
1008.0,0:12:20,235.0,F,SOff,0.8,N,N,N,36.78,952.94,7.67,17:37:30,541.4,37.12,-80.35,4.0,-5.72,-2.09,ST
1008.0,0:12:21,236.0,F,SOff,0.78,N,N,N,36.79,952.95,7.65,17:37:31,541.4,37.12,-80.35,4.0,-5.81,-2.45,ST
1008.0,0:12:22,237.0,F,SOff,0.78,N,N,N,36.8,952.95,7.65,17:37:32,541.4,37.12,-80.35,4.0,-5.41,-2.57,ST
1008.0,0:12:23,238.0,F,SOff,0.74,N,N,N,36.81,952.95,7.65,17:37:33,541.3,37.12,-80.35,4.0,-6.65,-2.18,ST
1008.0,0:12:24,239.0,F,SOff,0.71,N,N,N,36.81,952.95,7.67,17:37:34,541.3,37.12,-80.35,4.0,-5.1,-2.24,ST
1008.0,0:12:25,240.0,F,SOff,0.7,N,N,N,36.82,952.96,7.67,17:37:35,541.2,37.12,-80.35,4.0,-6.45,-1.61,ST
1008.0,0:12:26,241.0,F,SOff,0.64,N,N,N,36.83,952.96,7.65,17:37:36,541.2,37.12,-80.35,4.0,-5.03,-2.43,ST
1008.0,0:12:27,242.0,F,SOff,0.6,N,N,N,36.83,952.97,7.67,17:37:37,541.1,37.12,-80.35,4.0,-6.18,-2.03,ST
1008.0,0:12:28,243.0,F,SOff,0.57,N,N,N,36.84,952.97,7.67,17:37:38,541.1,37.12,-80.35,4.0,-5.8,-1.84,ST
1008.0,0:12:29,244.0,F,SOff,0.57,N,N,N,36.85,952.97,7.65,17:37:39,541.0,37.12,-80.35,4.0,-5.83,-1.98,ST
1008.0,0:12:30,245.0,F,SOff,0.58,N,N,N,36.86,952.97,7.67,17:37:40,541.0,37.12,-80.35,4.0,-5.48,-1.54,ST
1008.0,0:12:31,246.0,F,SOff,0.6,N,N,N,36.87,952.97,7.67,17:37:41,541.0,37.12,-80.35,4.0,-5.91,-2.15,ST
1008.0,0:12:32,247.0,F,SOff,0.6,N,N,N,36.87,952.97,7.67,17:37:42,540.9,37.12,-80.35,4.0,-5.48,-2.24,ST
1008.0,0:12:33,248.0,F,SOff,0.59,N,N,N,36.88,952.97,7.63,17:37:43,540.9,37.12,-80.35,4.0,-6.11,-2.16,ST
1008.0,0:12:34,249.0,F,SOff,0.63,N,N,N,36.89,952.96,7.65,17:37:44,540.9,37.12,-80.35,4.0,-5.55,-1.97,ST
1008.0,0:12:35,250.0,F,SOff,0.62,N,N,N,36.89,952.96,7.65,17:37:45,540.8,37.12,-80.35,4.0,-6.03,-1.67,ST
1008.0,0:12:36,251.0,F,SOff,0.6,N,N,N,36.9,952.97,7.65,17:37:46,540.7,37.12,-80.35,4.0,-6.57,-1.25,ST
1008.0,0:12:37,252.0,F,SOff,0.58,N,N,N,36.91,952.97,7.65,17:37:47,540.7,37.12,-80.35,4.0,-4.43,-2.57,ST
1008.0,0:12:38,253.0,F,SOff,0.59,N,N,N,36.92,952.97,7.67,17:37:48,540.6,37.12,-80.35,4.0,-6.11,-2.02,ST
1008.0,0:12:39,254.0,F,SOff,0.56,N,N,N,36.93,952.97,7.67,17:37:49,540.5,37.12,-80.35,4.0,-6.18,-2.26,ST
1008.0,0:12:40,255.0,F,SOff,0.59,N,N,N,36.94,952.97,7.67,17:37:50,540.4,37.12,-80.35,4.0,-5.86,-2.26,ST
1008.0,0:12:41,256.0,F,SOff,0.58,N,N,N,36.94,952.97,7.65,17:37:51,540.4,37.12,-80.35,4.0,-5.92,-2.48,ST
1008.0,0:12:42,257.0,F,SOff,0.62,N,N,N,36.95,952.96,7.67,17:37:52,540.3,37.12,-80.35,4.0,-6.04,-2.19,ST
1008.0,0:12:43,258.0,F,SOff,0.62,N,N,N,36.95,952.96,7.63,17:37:53,540.3,37.12,-80.35,4.0,-5.9,-1.97,ST
1008.0,0:12:44,259.0,F,SOff,0.63,N,N,N,36.96,952.96,7.67,17:37:54,540.2,37.12,-80.35,4.0,-5.95,-2.21,ST
1008.0,0:12:45,260.0,F,SOff,0.63,N,N,N,36.97,952.96,7.65,17:37:55,540.2,37.12,-80.35,4.0,-5.72,-2.21,ST
1008.0,0:12:46,261.0,F,SOff,0.64,N,N,N,36.98,952.96,7.67,17:37:56,540.2,37.12,-80.35,4.0,-5.78,-1.94,ST
1008.0,0:12:47,262.0,F,SOff,0.65,N,N,N,36.99,952.96,7.67,17:37:57,540.1,37.12,-80.35,4.0,-5.73,-1.94,ST
1008.0,0:12:48,263.0,F,SOff,0.67,N,N,N,36.99,952.96,7.63,17:37:58,540.1,37.12,-80.35,4.0,-5.49,-2.08,ST
1008.0,0:12:49,264.0,F,SOff,0.71,N,N,N,37.0,952.95,7.65,17:37:59,540.0,37.12,-80.35,4.0,-5.88,-2.44,ST
1008.0,0:12:50,265.0,F,SOff,0.73,N,N,N,37.0,952.95,7.65,17:38:0,540.0,37.12,-80.35,4.0,-5.84,-2.6,ST
1008.0,0:12:51,266.0,F,SOff,0.74,N,N,N,37.01,952.95,7.67,17:38:1,540.0,37.12,-80.35,4.0,-5.79,-2.16,ST
1008.0,0:12:52,267.0,F,SOff,0.76,N,N,N,37.02,952.95,7.67,17:38:2,539.9,37.12,-80.35,4.0,-5.8,-2.22,ST
1008.0,0:12:53,268.0,F,SOff,0.75,N,N,N,37.03,952.95,7.63,17:38:3,539.9,37.12,-80.35,4.0,-5.85,-2.42,ST
1008.0,0:12:54,269.0,F,SOff,0.74,N,N,N,37.03,952.95,7.67,17:38:4,540.0,37.12,-80.35,4.0,-6.22,-2.28,ST
1008.0,0:12:55,270.0,F,SOff,0.74,N,N,N,37.04,952.95,7.67,17:38:5,540.0,37.12,-80.35,4.0,-5.71,-2.37,ST
1008.0,0:12:56,271.0,F,SOff,0.75,N,N,N,37.05,952.95,7.67,17:38:6,540.0,37.12,-80.35,4.0,-6.44,-2.49,ST
1008.0,0:12:57,272.0,F,SOff,0.74,N,N,N,37.05,952.95,7.67,17:38:7,540.0,37.12,-80.35,4.0,-5.64,-2.58,ST
1008.0,0:12:58,273.0,F,SOff,0.74,N,N,N,37.06,952.95,7.63,17:38:8,540.0,37.12,-80.35,4.0,-6.02,-2.57,ST
1008.0,0:12:59,274.0,F,SOff,0.74,N,N,N,37.07,952.95,7.65,17:38:9,540.1,37.12,-80.35,4.0,-5.98,-2.4,ST
1008.0,0:13:0,275.0,F,SOff,0.75,N,N,N,37.07,952.95,7.65,17:38:10,540.1,37.12,-80.35,4.0,-5.68,-2.33,ST
1008.0,0:13:1,276.0,F,SOff,0.76,N,N,N,37.08,952.95,7.63,17:38:11,540.1,37.12,-80.35,4.0,-5.82,-1.99,ST
1008.0,0:13:2,277.0,F,SOff,0.78,N,N,N,37.09,952.95,7.65,17:38:12,540.1,37.12,-80.35,4.0,-5.97,-2.02,ST
1008.0,0:13:3,278.0,F,SOff,0.79,N,N,N,37.1,952.95,7.63,17:38:13,540.1,37.12,-80.35,4.0,-5.76,-2.18,ST
1008.0,0:13:4,279.0,F,SOff,0.79,N,N,N,37.1,952.95,7.67,17:38:14,540.1,37.12,-80.35,4.0,-5.67,-2.15,ST
1008.0,0:13:5,280.0,F,SOff,0.82,N,N,N,37.11,952.94,7.65,17:38:15,540.1,37.12,-80.35,4.0,-6.0,-2.23,ST
1008.0,0:13:6,281.0,F,SOff,0.82,N,N,N,37.11,952.94,7.63,17:38:16,540.1,37.12,-80.35,4.0,-5.8,-2.42,ST
1008.0,0:13:7,282.0,F,SOff,0.81,N,N,N,37.12,952.94,7.63,17:38:17,540.0,37.12,-80.35,4.0,-6.21,-2.28,ST
1008.0,0:13:8,283.0,F,SOff,0.8,N,N,N,37.13,952.94,7.63,17:38:18,540.0,37.12,-80.35,4.0,-6.17,-2.35,ST
1008.0,0:13:9,284.0,F,SOff,0.73,N,N,N,37.14,952.95,7.65,17:38:19,540.0,37.12,-80.35,4.0,-6.04,-2.14,ST
1008.0,0:13:10,285.0,F,SOff,0.72,N,N,N,37.15,952.95,7.65,17:38:20,540.0,37.12,-80.35,4.0,-5.39,-2.69,ST
1008.0,0:13:11,286.0,F,SOff,0.74,N,N,N,37.15,952.95,7.65,17:38:21,540.0,37.12,-80.35,4.0,-7.92,-3.39,ST
1008.0,0:13:12,287.0,F,SOff,0.76,N,N,N,37.16,952.95,7.63,17:38:22,540.0,37.12,-80.35,4.0,-6.12,-3.83,ST
1008.0,0:13:13,288.0,F,SOff,0.78,N,N,N,37.16,952.95,7.67,17:38:23,540.0,37.12,-80.35,4.0,-6.61,-2.01,ST
1008.0,0:13:14,289.0,F,SOff,0.79,N,N,N,37.17,952.95,7.65,17:38:24,540.0,37.12,-80.35,4.0,-5.83,-2.39,ST
1008.0,0:13:15,290.0,F,SOff,0.85,N,N,N,37.18,952.94,7.63,17:38:25,540.0,37.12,-80.35,4.0,-6.35,-1.6,ST
1008.0,0:13:16,291.0,F,SOff,0.85,N,N,N,37.18,952.94,7.65,17:38:26,540.0,37.12,-80.35,4.0,-5.56,-2.13,ST
1008.0,0:13:17,292.0,F,SOff,0.83,N,N,N,37.19,952.94,7.67,17:38:27,540.0,37.12,-80.35,4.0,-6.35,-2.08,ST
1008.0,0:13:18,293.0,F,SOff,0.84,N,N,N,37.2,952.94,7.67,17:38:28,540.0,37.12,-80.35,4.0,-5.83,-2.18,ST
1008.0,0:13:19,294.0,F,SOff,0.85,N,N,N,37.21,952.94,7.65,17:38:29,540.0,37.12,-80.35,4.0,-6.03,-1.75,ST
1008.0,0:13:20,295.0,F,SOff,0.9,N,N,N,37.21,952.93,7.67,17:38:30,540.0,37.12,-80.35,4.0,-5.8,-2.52,ST
1008.0,0:13:21,296.0,F,SOff,0.93,N,N,N,37.22,952.93,7.65,17:38:31,540.0,37.12,-80.35,4.0,-6.65,-2.48,ST
1008.0,0:13:22,297.0,F,SOff,0.98,N,N,N,37.22,952.92,7.67,17:38:32,540.1,37.12,-80.35,4.0,-6.63,-2.79,ST
1008.0,0:13:23,298.0,F,SOff,1.0,N,N,N,37.23,952.92,7.65,17:38:33,540.1,37.12,-80.35,4.0,-5.7,-2.23,ST
1008.0,0:13:24,299.0,F,SOff,1.02,N,N,N,37.24,952.92,7.63,17:38:34,540.1,37.12,-80.35,4.0,-5.81,-2.07,ST
1008.0,0:13:25,300.0,F,SOff,1.02,N,N,N,37.25,952.92,7.67,17:38:35,540.1,37.12,-80.35,4.0,-6.21,-1.94,ST
1008.0,0:13:26,301.0,F,SOff,1.08,N,N,N,37.25,952.91,7.65,17:38:36,540.1,37.12,-80.35,4.0,-5.7,-2.56,ST
1008.0,0:13:27,302.0,F,SOff,1.04,N,N,N,37.26,952.92,7.65,17:38:37,540.1,37.12,-80.35,4.0,-5.98,-0.79,ST
1008.0,0:13:28,303.0,F,SOff,1.01,N,N,N,37.26,952.92,7.65,17:38:38,540.1,37.12,-80.35,4.0,-6.98,-2.21,ST
1008.0,0:13:29,304.0,F,SOff,1.04,N,N,N,37.27,952.92,7.65,17:38:39,540.1,37.12,-80.35,4.0,-6.17,-3.26,ST
1008.0,0:13:30,305.0,F,SOff,1.03,N,N,N,37.28,952.92,7.65,17:38:40,540.1,37.12,-80.35,4.0,-7.67,-1.56,ST
1008.0,0:13:31,306.0,F,SOff,0.94,N,N,N,37.28,952.93,7.67,17:38:41,540.1,37.12,-80.35,4.0,-5.42,-2.87,ST
1008.0,0:13:32,307.0,F,SOff,0.86,N,N,N,37.29,952.94,7.65,17:38:42,540.1,37.12,-80.35,4.0,-6.06,-1.7,ST
1008.0,0:13:33,308.0,F,SOff,0.81,N,N,N,37.3,952.94,7.65,17:38:43,540.2,37.12,-80.35,4.0,-5.7,-2.5,ST
1008.0,0:13:34,309.0,F,SOff,0.78,N,N,N,37.3,952.95,7.65,17:38:44,540.1,37.12,-80.35,4.0,-6.55,-2.86,ST
1008.0,0:13:35,310.0,F,SOff,0.74,N,N,N,37.31,952.95,7.67,17:38:45,540.2,37.12,-80.35,4.0,-5.77,-2.36,ST
1008.0,0:13:36,311.0,F,SOff,0.72,N,N,N,37.31,952.95,7.65,17:38:46,540.1,37.12,-80.35,4.0,-5.84,-2.25,ST
1008.0,0:13:37,312.0,F,SOff,0.68,N,N,N,37.32,952.96,7.67,17:38:47,540.1,37.12,-80.35,4.0,-6.36,-2.2,ST
1008.0,0:13:38,313.0,F,SOff,0.66,N,N,N,37.33,952.96,7.65,17:38:48,540.1,37.12,-80.35,4.0,-5.05,-2.32,ST
1008.0,0:13:39,314.0,F,SOff,0.67,N,N,N,37.33,952.96,7.65,17:38:49,540.1,37.12,-80.35,4.0,-6.52,-1.43,ST
1008.0,0:13:40,315.0,F,SOff,0.65,N,N,N,37.34,952.96,7.65,17:38:50,540.1,37.12,-80.35,4.0,-5.1,-3.32,ST
1008.0,0:13:41,316.0,F,SOff,0.66,N,N,N,37.35,952.96,7.67,17:38:51,540.1,37.12,-80.35,4.0,-6.72,-1.93,ST
1008.0,0:13:42,317.0,F,SOff,0.65,N,N,N,37.36,952.96,7.67,17:38:52,540.1,37.12,-80.35,4.0,-5.71,-2.43,ST
1008.0,0:13:43,318.0,F,SOff,0.63,N,N,N,37.36,952.96,7.67,17:38:53,540.1,37.12,-80.35,4.0,-6.45,-2.09,ST
1008.0,0:13:44,319.0,F,SOff,0.62,N,N,N,37.37,952.96,7.67,17:38:54,540.1,37.12,-80.35,4.0,-5.53,-2.22,ST
1008.0,0:13:45,320.0,F,SOff,0.58,N,N,N,37.37,952.97,7.63,17:38:55,540.1,37.12,-80.35,4.0,-5.64,-2.21,ST
1008.0,0:13:46,321.0,F,SOff,0.62,N,N,N,37.38,952.97,7.63,17:38:56,540.1,37.12,-80.35,4.0,-5.92,-2.36,ST
1008.0,0:13:47,322.0,F,SOff,0.66,N,N,N,37.39,952.96,7.67,17:38:57,540.1,37.12,-80.35,4.0,-5.7,-1.99,ST
1008.0,0:13:48,323.0,F,SOff,0.67,N,N,N,37.39,952.96,7.65,17:38:58,540.2,37.12,-80.35,4.0,-6.1,-2.29,ST
1008.0,0:13:49,324.0,F,SOff,0.71,N,N,N,37.4,952.95,7.65,17:38:59,540.2,37.12,-80.35,4.0,-6.56,-2.4,ST
1008.0,0:13:50,325.0,F,SOff,0.73,N,N,N,37.41,952.95,7.63,17:39:0,540.2,37.12,-80.35,4.0,-5.8,-2.6,ST
1008.0,0:13:51,326.0,F,SOff,0.81,N,N,N,37.41,952.94,7.65,17:39:1,540.2,37.12,-80.35,4.0,-6.23,-2.47,ST
1008.0,0:13:52,327.0,F,SOff,0.82,N,N,N,37.42,952.94,7.63,17:39:2,540.2,37.12,-80.35,4.0,-6.19,-2.84,ST
1008.0,0:13:53,328.0,F,SOff,0.9,N,N,N,37.42,952.93,7.65,17:39:3,540.2,37.12,-80.35,4.0,-5.76,-2.31,ST
1008.0,0:13:54,329.0,F,SOff,0.93,N,N,N,37.43,952.93,7.67,17:39:4,540.2,37.12,-80.35,4.0,-6.01,-2.18,ST
1008.0,0:13:55,330.0,F,SOff,0.96,N,N,N,37.44,952.93,7.65,17:39:5,540.3,37.12,-80.35,4.0,-6.1,-1.91,ST
1008.0,0:13:56,331.0,F,SOff,0.99,N,N,N,37.44,952.92,7.65,17:39:6,540.3,37.12,-80.35,4.0,-5.49,-2.41,ST
1008.0,0:13:57,332.0,F,SOff,1.03,N,N,N,37.45,952.92,7.63,17:39:7,540.3,37.12,-80.35,4.0,-6.32,-2.17,ST
1008.0,0:13:58,333.0,F,SOff,1.03,N,N,N,37.46,952.92,7.63,17:39:8,540.3,37.12,-80.35,4.0,-5.82,-2.19,ST
1008.0,0:13:59,334.0,F,SOff,1.06,N,N,N,37.46,952.92,7.65,17:39:9,540.3,37.12,-80.35,4.0,-6.72,-1.78,ST
1008.0,0:14:0,335.0,F,SOff,1.07,N,N,N,37.47,952.91,7.67,17:39:10,540.2,37.12,-80.35,4.0,-5.39,-2.61,ST
1008.0,0:14:1,336.0,F,SOff,1.05,N,N,N,37.47,952.92,7.65,17:39:11,540.2,37.12,-80.35,4.0,-6.8,-2.0,ST
1008.0,0:14:2,337.0,F,SOff,1.0,N,N,N,37.48,952.92,7.67,17:39:12,540.2,37.12,-80.35,4.0,-5.84,-1.85,ST
1008.0,0:14:3,338.0,F,SOff,1.01,N,N,N,37.49,952.92,7.65,17:39:13,540.2,37.12,-80.35,4.0,-6.03,-2.07,ST
1008.0,0:14:4,339.0,F,SOff,1.01,N,N,N,37.5,952.92,7.65,17:39:14,540.2,37.12,-80.35,4.0,-6.02,-2.51,ST
1008.0,0:14:5,340.0,F,SOff,1.03,N,N,N,37.5,952.92,7.65,17:39:15,540.2,37.12,-80.35,4.0,-6.38,-2.34,ST
1008.0,0:14:6,341.0,F,SOff,1.05,N,N,N,37.51,952.92,7.65,17:39:16,540.2,37.12,-80.35,4.0,-6.28,-2.17,ST
1008.0,0:14:7,342.0,F,SOff,1.06,N,N,N,37.51,952.91,7.67,17:39:17,540.3,37.12,-80.35,4.0,-5.9,-2.63,ST
1008.0,0:14:8,343.0,F,SOff,1.07,N,N,N,37.52,952.91,7.65,17:39:18,540.3,37.12,-80.35,4.0,-6.58,-2.2,ST
1008.0,0:14:9,344.0,F,SOff,1.1,N,N,N,37.52,952.91,7.67,17:39:19,540.3,37.12,-80.35,4.0,-5.72,-2.98,ST
1008.0,0:14:10,345.0,F,SOff,1.11,N,N,N,37.53,952.91,7.67,17:39:20,540.3,37.12,-80.35,4.0,-6.25,-2.6,ST
1008.0,0:14:11,346.0,F,SOff,1.1,N,N,N,37.54,952.91,7.65,17:39:21,540.3,37.12,-80.35,4.0,-5.99,-1.99,ST
1008.0,0:14:12,347.0,F,SOff,1.1,N,N,N,37.55,952.91,7.67,17:39:22,540.3,37.12,-80.35,4.0,-5.75,-2.11,ST
1008.0,0:14:13,348.0,F,SOff,1.14,N,N,N,37.55,952.91,7.65,17:39:23,540.4,37.12,-80.35,4.0,-6.14,-2.08,ST
1008.0,0:14:14,349.0,F,SOff,1.13,N,N,N,37.56,952.91,7.67,17:39:24,540.4,37.12,-80.35,4.0,-5.95,-2.43,ST
1008.0,0:14:15,350.0,F,SOff,1.12,N,N,N,37.56,952.91,7.65,17:39:25,540.4,37.12,-80.35,4.0,-6.09,-2.11,ST
1008.0,0:14:16,351.0,F,SOff,1.18,N,N,N,37.57,952.9,7.67,17:39:26,540.4,37.12,-80.35,4.0,-6.21,-2.46,ST
1008.0,0:14:17,352.0,F,SOff,1.2,N,N,N,37.58,952.9,7.67,17:39:27,540.4,37.12,-80.35,4.0,-5.73,-2.54,ST
1008.0,0:14:18,353.0,F,SOff,1.23,N,N,N,37.58,952.9,7.67,17:39:28,540.4,37.12,-80.35,4.0,-5.84,-1.46,ST
1008.0,0:14:19,354.0,F,SOff,1.27,N,N,N,37.59,952.89,7.63,17:39:29,540.4,37.12,-80.35,4.0,-5.52,-1.33,ST
1008.0,0:14:20,355.0,F,SOff,1.29,N,N,N,37.6,952.89,7.67,17:39:30,540.4,37.12,-80.35,4.0,-5.36,-1.17,ST
1008.0,0:14:21,356.0,F,SOff,1.26,N,N,N,37.6,952.89,7.67,17:39:31,540.4,37.12,-80.35,4.0,-6.07,-1.95,ST
1008.0,0:14:22,357.0,F,SOff,1.3,N,N,N,37.61,952.89,7.65,17:39:32,540.4,37.12,-80.35,4.0,-5.18,-2.31,ST
1008.0,0:14:23,358.0,F,SOff,1.25,N,N,N,37.61,952.89,7.65,17:39:33,540.4,37.12,-80.35,4.0,-6.16,-2.39,ST
1008.0,0:14:24,359.0,F,SOff,1.24,N,N,N,37.62,952.89,7.67,17:39:34,540.4,37.12,-80.35,4.0,-6.49,-2.16,ST
1008.0,0:14:25,360.0,F,SOff,1.22,N,N,N,37.63,952.9,7.65,17:39:35,540.4,37.12,-80.35,4.0,-6.11,-2.23,ST
1008.0,0:14:26,361.0,F,SOff,1.23,N,N,N,37.63,952.9,7.67,17:39:36,540.4,37.12,-80.35,4.0,-5.84,-2.49,ST
1008.0,0:14:27,362.0,F,SOff,1.2,N,N,N,37.64,952.9,7.63,17:39:37,540.4,37.12,-80.35,4.0,-6.29,-2.05,ST
1008.0,0:14:28,363.0,F,SOff,1.17,N,N,N,37.64,952.9,7.65,17:39:38,540.4,37.12,-80.35,4.0,-5.73,-2.5,ST
1008.0,0:14:29,364.0,F,SOff,1.18,N,N,N,37.65,952.9,7.67,17:39:39,540.4,37.12,-80.35,4.0,-5.88,-2.22,ST
1008.0,0:14:30,365.0,F,SOff,1.16,N,N,N,37.66,952.9,7.65,17:39:40,540.4,37.12,-80.35,4.0,-6.39,-1.86,ST
1008.0,0:14:31,366.0,F,SOff,1.19,N,N,N,37.66,952.9,7.65,17:39:41,540.4,37.12,-80.35,4.0,-5.72,-2.37,ST
1008.0,0:14:32,367.0,F,SOff,1.22,N,N,N,37.66,952.9,7.67,17:39:42,540.4,37.12,-80.35,4.0,-6.43,-1.93,ST
1008.0,0:14:33,368.0,F,SOff,1.19,N,N,N,37.67,952.9,7.67,17:39:43,540.4,37.12,-80.35,4.0,-5.75,-2.26,ST
1008.0,0:14:34,369.0,F,SOff,1.19,N,N,N,37.68,952.9,7.65,17:39:44,540.4,37.12,-80.35,4.0,-6.41,-1.72,ST
1008.0,0:14:35,370.0,F,SOff,1.15,N,N,N,37.68,952.9,7.65,17:39:45,540.4,37.12,-80.35,4.0,-5.63,-2.33,ST
1008.0,0:14:36,371.0,F,SOff,1.19,N,N,N,37.69,952.9,7.67,17:39:46,540.4,37.12,-80.35,4.0,-6.12,-2.35,ST
1008.0,0:14:37,372.0,F,SOff,1.19,N,N,N,37.7,952.9,7.67,17:39:47,540.5,37.12,-80.35,4.0,-6.15,-2.18,ST
1008.0,0:14:38,373.0,F,SOff,1.2,N,N,N,37.7,952.9,7.65,17:39:48,540.5,37.12,-80.35,4.0,-6.23,-2.1,ST
1008.0,0:14:39,374.0,F,SOff,1.22,N,N,N,37.7,952.9,7.65,17:39:49,540.4,37.12,-80.35,4.0,-5.8,-2.1,ST
1008.0,0:14:40,375.0,F,SOff,1.27,N,N,N,37.71,952.89,7.67,17:39:50,540.4,37.12,-80.35,4.0,-5.6,-1.17,ST
1008.0,0:14:41,376.0,F,SOff,1.27,N,N,N,37.72,952.89,7.67,17:39:51,540.4,37.12,-80.35,4.0,-6.04,-2.12,ST
1008.0,0:14:42,377.0,F,SOff,1.28,N,N,N,37.72,952.89,7.65,17:39:52,540.4,37.12,-80.35,4.0,-5.12,-2.04,ST
1008.0,0:14:43,378.0,F,SOff,1.26,N,N,N,37.73,952.89,7.67,17:39:53,540.4,37.12,-80.35,4.0,-6.29,-2.29,ST
1008.0,0:14:44,379.0,F,SOff,1.27,N,N,N,37.73,952.89,7.67,17:39:54,540.4,37.12,-80.35,4.0,-6.12,-2.2,ST
1008.0,0:14:45,380.0,F,SOff,1.28,N,N,N,37.74,952.89,7.67,17:39:55,540.4,37.12,-80.35,4.0,-4.36,-2.06,ST
1008.0,0:14:46,381.0,F,SOff,1.35,N,N,N,37.75,952.88,7.67,17:39:56,540.4,37.12,-80.35,4.0,-4.87,-3.75,ST
1008.0,0:14:47,382.0,F,SOff,1.36,N,N,N,37.75,952.88,7.65,17:39:57,540.4,37.12,-80.35,4.0,-5.51,-2.81,ST
1008.0,0:14:48,383.0,F,SOff,1.33,N,N,N,37.75,952.89,7.67,17:39:58,540.4,37.12,-80.35,4.0,-5.9,-1.94,ST
1008.0,0:14:49,384.0,F,SOff,1.31,N,N,N,37.76,952.89,7.65,17:39:59,540.3,37.12,-80.35,4.0,-4.82,-1.96,ST
1008.0,0:14:50,385.0,F,SOff,1.32,N,N,N,37.77,952.89,7.67,17:40:0,540.3,37.12,-80.35,4.0,-6.09,-1.74,ST
1008.0,0:14:51,386.0,F,SOff,1.25,N,N,N,37.77,952.89,7.67,17:40:1,540.3,37.12,-80.35,4.0,-6.15,-1.91,ST
1008.0,0:14:52,387.0,F,SOff,1.22,N,N,N,37.78,952.9,7.63,17:40:2,540.2,37.12,-80.35,4.0,-5.3,-1.52,ST
1008.0,0:14:53,388.0,F,SOff,1.16,N,N,N,37.79,952.9,7.67,17:40:3,540.2,37.12,-80.35,4.0,-6.44,-1.35,ST
1008.0,0:14:54,389.0,F,SOff,1.12,N,N,N,37.79,952.91,7.67,17:40:4,540.1,37.12,-80.35,4.0,-5.47,-2.18,ST
1008.0,0:14:55,390.0,F,SOff,1.12,N,N,N,37.8,952.91,7.67,17:40:5,540.1,37.12,-80.35,4.0,-6.2,-2.04,ST
1008.0,0:14:56,391.0,F,SOff,1.13,N,N,N,37.8,952.91,7.67,17:40:6,540.1,37.12,-80.35,4.0,-6.51,-1.77,ST
1008.0,0:14:57,392.0,F,SOff,1.12,N,N,N,37.81,952.91,7.65,17:40:7,540.1,37.12,-80.35,4.0,-5.02,-2.75,ST
1008.0,0:14:58,393.0,F,SOff,1.14,N,N,N,37.81,952.91,7.67,17:40:8,540.0,37.12,-80.35,4.0,-6.63,-1.77,ST
1008.0,0:14:59,394.0,F,SOff,1.16,N,N,N,37.82,952.9,7.67,17:40:9,540.0,37.12,-80.35,4.0,-5.58,-2.2,ST
1008.0,0:15:0,395.0,F,SOff,1.21,N,N,N,37.83,952.9,7.67,17:40:10,540.0,37.12,-80.35,4.0,-6.11,-2.17,ST
1008.0,0:15:1,396.0,F,SOff,1.2,N,N,N,37.83,952.9,7.67,17:40:11,540.0,37.12,-80.35,4.0,-6.24,-2.21,ST
1008.0,0:15:2,397.0,F,SOff,1.24,N,N,N,37.84,952.89,7.67,17:40:12,540.0,37.12,-80.35,4.0,-5.98,-2.03,ST
1008.0,0:15:3,398.0,F,SOff,1.25,N,N,N,37.84,952.89,7.65,17:40:13,539.9,37.12,-80.35,4.0,-7.12,-2.35,ST
1008.0,0:15:4,399.0,F,SOff,2.06,N,N,N,37.85,952.8,7.67,17:40:14,539.9,37.12,-80.35,4.0,-6.38,-2.48,ST
1008.0,0:15:5,400.0,F,SOff,14.13,N,N,N,37.85,951.44,7.61,17:40:15,539.9,37.12,-80.35,4.0,-1.08,8.85,ST
1008.0,0:15:6,401.0,F,Ascent,43.53,N,N,N,37.84,948.13,7.59,17:40:16,539.9,37.12,-80.35,4.0,-5.55,12.19,ST
1008.0,0:15:7,402.0,F,Ascent,83.25,N,N,N,37.83,943.67,7.59,17:40:17,539.9,37.12,-80.35,4.0,-10.52,15.65,ST
1008.0,0:15:8,403.0,F,Ascent,129.73,N,N,N,37.83,938.47,7.63,17:40:18,539.9,37.12,-80.35,4.0,15.64,19.65,ST
1008.0,0:15:9,404.0,F,Ascent,179.91,N,N,N,37.83,932.88,7.63,17:40:19,539.9,37.12,-80.35,4.0,-15.89,8.9,ST
1008.0,0:15:10,405.0,F,Ascent,226.47,N,N,N,37.84,927.15,7.63,17:40:20,539.9,37.12,-80.35,3.0,-0.32,6.48,ST
1008.0,0:15:11,406.0,F,Ascent,257.62,N,N,N,37.84,924.29,7.63,17:40:21,539.9,37.12,-80.35,3.0,-24.66,5.32,ST
1008.0,0:15:12,407.0,F,Ascent,308.63,N,N,N,37.84,918.68,7.63,17:40:22,539.9,37.12,-80.35,0.0,-23.22,11.72,ST
1008.0,0:15:13,408.0,F,Ascent,357.29,N,N,N,37.84,913.36,7.65,17:40:23,539.9,37.12,-80.35,1.0,-65.83,-2.22,ST
1008.0,0:15:14,409.0,F,Ascent,405.29,N,N,N,37.84,908.13,7.63,17:40:24,539.9,37.12,-80.35,1.0,-12.38,31.26,ST
1008.0,0:15:15,410.0,F,Ascent,446.26,N,N,N,37.8,903.69,7.65,17:40:25,539.9,37.12,-80.35,1.0,52.18,-33.84,ST
1008.0,0:15:16,411.0,F,Ascent,482.06,N,N,N,37.72,899.82,7.63,17:40:26,539.9,37.12,-80.35,2.0,-52.0,-18.58,ST
1008.0,0:15:17,412.0,F,Ascent,512.47,N,N,N,37.61,896.55,7.63,17:40:27,539.9,37.12,-80.35,0.0,44.97,-17.87,ST
1008.0,0:15:19,414.0,F,Ascent,548.04,N,N,N,37.35,892.73,7.63,17:40:29,539.9,37.12,-80.35,4.0,-21.25,46.45,ST
1008.0,0:15:20,415.0,F,Ascent,565.23,N,N,N,37.12,890.89,7.63,17:40:30,539.9,37.12,-80.35,4.0,-12.59,61.92,ST
1008.0,0:15:21,416.0,F,Ascent,578.17,N,N,N,36.86,889.5,7.61,17:40:31,539.9,37.12,-80.35,4.0,-27.38,21.17,ST
1008.0,0:15:22,417.0,F,Ascent,586.7,N,N,N,36.58,888.59,7.63,17:40:32,539.9,37.12,-80.35,4.0,74.4,-15.06,ST
1008.0,0:15:23,418.0,F,Ascent,592.05,N,N,N,36.31,888.02,7.63,17:40:33,539.9,37.12,-80.35,4.0,-68.35,-20.99,ST
1008.0,0:15:24,419.0,F,Ascent,594.43,N,N,N,36.06,887.77,7.63,17:40:34,539.9,37.12,-80.35,4.0,-53.58,-28.21,ST
1008.0,0:15:25,420.0,F,Ascent,594.14,N,N,N,35.84,887.8,7.63,17:40:35,539.9,37.12,-80.35,4.0,-37.87,-44.52,ST
1008.0,0:15:26,421.0,F,Ascent,593.13,N,N,N,35.74,887.91,7.63,17:40:36,539.9,37.12,-80.35,4.0,-38.18,-31.64,ST
1008.0,0:15:27,422.0,F,Ascent,589.68,N,N,N,35.54,888.28,7.63,17:40:37,539.9,37.12,-80.35,4.0,-17.34,61.86,ST
1008.0,0:15:28,423.0,F,Ascent,584.35,N,N,N,35.34,888.84,7.63,17:40:38,539.9,37.12,-80.35,4.0,-20.78,66.47,ST
1008.0,0:15:29,424.0,F,Ascent,577.21,N,N,N,35.16,889.61,7.63,17:40:39,539.9,37.12,-80.35,4.0,-71.61,16.32,ST
1008.0,0:15:30,425.0,F,Ascent,568.9,N,N,N,34.98,890.5,7.63,17:40:40,539.9,37.12,-80.35,4.0,-1.31,-74.07,ST
1008.0,0:15:31,426.0,F,Descent,559.49,N,N,N,34.83,891.5,7.63,17:40:41,539.9,37.12,-80.35,4.0,-47.63,-36.13,ST
1008.0,0:15:32,427.0,F,Descent,549.09,N,N,N,34.68,892.62,7.63,17:40:42,539.9,37.12,-80.35,4.0,-61.19,-6.33,ST
1008.0,0:15:33,428.0,F,Descent,537.82,N,N,N,34.54,893.82,7.63,17:40:43,539.9,37.12,-80.35,4.0,-72.42,0.78,ST
1008.0,0:15:34,429.0,F,Descent,531.97,N,N,N,34.47,894.45,7.65,17:40:44,539.9,37.12,-80.35,4.0,-70.28,-0.59,ST
1008.0,0:15:35,430.0,F,Descent,519.79,N,N,N,34.35,895.76,7.63,17:40:45,539.9,37.12,-80.35,4.0,-79.02,-6.03,ST
1008.0,0:15:36,431.0,F,Descent,506.96,N,N,N,34.24,897.14,7.63,17:40:46,539.9,37.12,-80.35,4.0,-86.17,-3.83,ST
1008.0,0:15:37,432.0,F,Descent,493.6,N,N,N,34.13,898.58,7.61,17:40:47,539.9,37.12,-80.35,4.0,-59.74,-27.75,ST
1008.0,0:15:39,433.0,F,ReleasePayload,465.76,N,N,N,33.91,901.58,7.51,17:40:48,539.9,37.12,-80.35,4.0,-56.56,-26.51,ST
1008.0,0:15:40,434.0,F,ReleasePayload,465.76,P,N,N,33.91,901.58,7.51,17:40:48,539.9,37.12,-80.35,4.0,-56.2,-6.65,ST
1008.0,0:15:41,435.0,F,ReleasePayload,465.76,P,N,N,33.91,903.14,7.51,17:40:48,539.9,37.12,-80.35,4.0,-47.81,35.73,ST
1008.0,0:15:42,436.0,F,ReleasePayload,465.76,P,N,N,33.91,904.73,7.51,17:40:48,539.9,37.12,-80.35,4.0,-17.77,-64.66,ST
1008.0,0:15:43,437.0,F,ReleasePayload,465.76,P,N,N,33.91,906.35,7.51,17:40:48,539.9,37.12,-80.35,4.0,-67.32,2.94,ST
1008.0,0:15:44,438.0,F,ReleasePayload,465.76,P,N,N,33.91,908.0,7.51,17:40:48,539.9,37.12,-80.35,4.0,-61.59,6.38,ST
1008.0,0:15:45,439.0,F,ReleasePayload,465.76,P,N,N,33.91,909.67,7.51,17:40:48,539.9,37.12,-80.35,4.0,-44.91,12.85,ST
1008.0,0:15:46,440.0,F,ReleaseHeatShield,367.65,P,N,N,33.27,912.23,7.59,17:40:48,539.9,37.12,-80.35,4.0,-18.55,-40.96,ST
1008.0,0:15:46,441.0,F,ReleaseHeatShield,367.65,P,N,N,33.27,912.23,7.57,17:40:48,539.9,37.12,-80.35,4.0,-82.04,-1.41,ST
1008.0,0:15:46,442.0,F,ReleaseHeatShield,359.86,P,N,N,33.22,913.08,7.59,17:40:48,539.9,37.12,-80.35,4.0,-64.13,23.59,ST
1008.0,0:15:46,443.0,F,ReleaseHeatShield,359.86,P,N,N,33.22,913.08,7.59,17:40:48,539.9,37.12,-80.35,4.0,-47.16,38.6,ST
1008.0,0:15:46,444.0,F,ReleaseHeatShield,359.86,P,N,N,33.22,913.08,7.59,17:40:48,539.9,37.12,-80.35,4.0,-39.21,47.56,ST
1008.0,0:15:46,445.0,F,ReleaseHeatShield,351.96,P,N,N,33.17,913.94,7.59,17:40:48,539.9,37.12,-80.35,4.0,-55.52,26.69,ST
1008.0,0:15:51,452.0,F,ReleaseHeatShield,295.13,P,N,N,32.84,920.16,7.61,17:41:1,539.9,37.12,-80.35,4.0,-65.91,9.26,ST
1008.0,0:15:52,453.0,F,ReleaseHeatShield,278.62,P,N,N,32.75,921.98,7.61,17:41:2,539.9,37.12,-80.35,4.0,-64.6,2.86,ST
1008.0,0:15:53,454.0,F,ReleaseHeatShield,262.01,P,N,N,32.66,923.8,7.59,17:41:3,539.9,37.12,-80.35,4.0,-84.03,-0.92,ST
1008.0,0:15:54,455.0,F,ReleaseHeatShield,245.36,P,N,N,32.57,925.64,7.61,17:41:4,539.9,37.12,-80.35,4.0,-59.65,-22.81,ST
1008.0,0:15:55,456.0,F,ReleaseHeatShield,228.54,P,N,N,32.49,927.5,7.61,17:41:5,539.9,37.12,-80.35,4.0,-37.81,-38.59,ST
1008.0,0:15:56,457.0,F,ReleaseHeatShield,220.19,P,N,N,32.45,928.42,7.61,17:41:6,539.9,37.12,-80.35,4.0,-61.99,-9.22,ST
1008.0,0:15:57,458.0,F,ReleaseHeatShield,203.54,P,N,N,32.37,930.26,7.61,17:41:7,539.9,37.12,-80.35,4.0,-69.79,18.44,ST
1008.0,0:15:58,459.0,F,ReleaseHeatShield,187.02,P,N,N,32.3,932.1,7.61,17:41:8,539.9,37.12,-80.35,4.0,-51.61,-31.85,ST
1008.0,0:15:59,460.0,F,ReleaseParachute,162.51,P,C,N,32.2,934.82,7.61,17:41:9,539.9,37.12,-80.35,4.0,-45.67,-35.3,ST
1008.0,0:16:0,461.0,F,ReleaseParachute,154.42,P,C,N,32.16,935.72,7.61,17:41:10,539.9,37.12,-80.35,4.0,-76.13,-8.77,ST
1008.0,0:16:1,462.0,F,ReleaseParachute,138.22,P,C,N,32.09,937.52,7.51,17:41:11,539.9,37.12,-80.35,4.0,-81.18,-0.72,ST
